{
  "voc_eval_res": {
    "precision": 46.2963,
    "recall": 6.9444,
    "f-score": 12.0773
  },
  "KL_res": {
    "KL divergence": 4.698029549116537,
    "Euclidean Dist.": 0.5925201976145378,
    "WER": 0.9209039548022598,
    "CER": 0.6842105263157895,
    "Cosine Dist.": 0.8730436392311147
  },
  "occ_eval_res": {
    "precision": 17.7215,
    "recall": 10.5461,
    "f-score": 13.2231
  },
  "clean_eval": {
    "f-score": 5.502392344497607,
    "precision": 4.423076923076923,
    "recall": 7.2784810126582276,
    "tp": 23,
    "fp": 497,
    "fn": 293
  },
  "jaccard": [
    0.325
  ],
  "braycurtis": [
    0.2984682036206096
  ],
  "dice": [
    0.19402985074626866
  ],
  "cosinus": [
    0.14437077943188437
  ]
}