{
  "voc_eval_res": {
    "precision": 60.0,
    "recall": 4.8,
    "f-score": 8.8889
  },
  "KL_res": {
    "KL divergence": 6.61966402826201,
    "Euclidean Dist.": 0.6235495126502745,
    "WER": 0.9579288025889967,
    "CER": 0.9441964285714286,
    "Cosine Dist.": 0.6711756604179442
  },
  "occ_eval_res": {
    "precision": 73.6842,
    "recall": 4.5307,
    "f-score": 8.5366
  },
  "clean_eval": {
    "f-score": 7.476635514018691,
    "precision": 3.9603960396039604,
    "recall": 66.66666666666666,
    "tp": 12,
    "fp": 291,
    "fn": 6
  },
  "jaccard": [
    0.8699891657638137
  ],
  "braycurtis": [
    0.906927921623513
  ],
  "dice": [
    0.7698945349952061
  ],
  "cosinus": [
    0.4527560653370809
  ]
}