{
  "voc_eval_res": {
    "precision": 61.1111,
    "recall": 42.3077,
    "f-score": 50.0
  },
  "KL_res": {
    "KL divergence": 3.055738679798069,
    "Euclidean Dist.": 0.25060880610594166,
    "WER": 0.6774193548387096,
    "CER": 0.55893536121673,
    "Cosine Dist.": 0.3332407214461508
  },
  "occ_eval_res": {
    "precision": 56.5217,
    "recall": 41.9355,
    "f-score": 48.1481
  },
  "clean_eval": {
    "f-score": 46.15384615384615,
    "precision": 40.0,
    "recall": 54.54545454545454,
    "tp": 12,
    "fp": 18,
    "fn": 10
  },
  "jaccard": [
    0.5920398009950248
  ],
  "braycurtis": [
    0.44941176470588234
  ],
  "dice": [
    0.4204946996466431
  ],
  "cosinus": [
    0.3080067797049595
  ]
}