{
  "voc_eval_res": {
    "precision": 69.8413,
    "recall": 53.3981,
    "f-score": 60.5227
  },
  "KL_res": {
    "KL divergence": 1.3345366159951504,
    "Euclidean Dist.": 0.08744629973442904,
    "WER": 0.5774877650897227,
    "CER": 0.42987330517892863,
    "Cosine Dist.": 0.23244361638970867
  },
  "occ_eval_res": {
    "precision": 68.9587,
    "recall": 57.2594,
    "f-score": 62.5668
  },
  "clean_eval": {
    "f-score": 51.67724388032637,
    "precision": 47.18543046357616,
    "recall": 57.11422845691383,
    "tp": 285,
    "fp": 319,
    "fn": 214
  },
  "jaccard": [
    0.4402679568291775
  ],
  "braycurtis": [
    0.1983315709082364
  ],
  "dice": [
    0.2822715342400382
  ],
  "cosinus": [
    0.03927208837228269
  ]
}