{
  "voc_eval_res": {
    "precision": 68.8079,
    "recall": 82.8876,
    "f-score": 75.1943
  },
  "KL_res": {
    "KL divergence": 0.11806317425274448,
    "Euclidean Dist.": 0.02538098214573496,
    "WER": 0.24926727805615959,
    "CER": 0.10168056631302123,
    "Cosine Dist.": 0.023610881927692118
  },
  "occ_eval_res": {
    "precision": 81.8323,
    "recall": 89.9404,
    "f-score": 85.695
  },
  "clean_eval": {
    "f-score": 66.65795776181145,
    "precision": 73.10759826161708,
    "recall": 61.25405145852507,
    "tp": 15308,
    "fp": 5631,
    "fn": 9683
  },
  "jaccard": [
    0.7344268453014462
  ],
  "braycurtis": [
    0.16897977794131763
  ],
  "dice": [
    0.5803116497650259
  ],
  "cosinus": [
    0.029902058824847644
  ]
}