{
  "voc_eval_res": {
    "precision": 68.8079,
    "recall": 82.8876,
    "f-score": 75.1943
  },
  "KL_res": {
    "KL divergence": 0.11806317425274448,
    "Euclidean Dist.": 0.02538098214573496,
    "WER": 0.24926727805615959,
    "CER": 0.10168056631302123,
    "Cosine Dist.": 0.023610881927690675
  },
  "occ_eval_res": {
    "precision": 81.8323,
    "recall": 89.9404,
    "f-score": 85.695
  },
  "clean_eval": {
    "f-score": 66.65795776181145,
    "precision": 73.10759826161708,
    "recall": 61.25405145852507,
    "tp": 15308,
    "fp": 5631,
    "fn": 9683
  },
  "jaccard": [
    0.38763931104356636
  ],
  "braycurtis": [
    0.10696948259458933
  ],
  "dice": [
    0.2404172426794018
  ],
  "cosinus": [
    0.010621173246508686
  ]
}