{
  "voc_eval_res": {
    "precision": 50.0,
    "recall": 6.9565,
    "f-score": 12.2137
  },
  "KL_res": {
    "KL divergence": 5.21651591012326,
    "Euclidean Dist.": 0.5531143403012395,
    "WER": 0.8888888888888888,
    "CER": 0.7648305084745762,
    "Cosine Dist.": 0.32247542625923986
  },
  "occ_eval_res": {
    "precision": 58.5366,
    "recall": 13.3333,
    "f-score": 21.7195
  },
  "clean_eval": {
    "f-score": 15.09433962264151,
    "precision": 9.35672514619883,
    "recall": 39.02439024390244,
    "tp": 16,
    "fp": 155,
    "fn": 25
  },
  "jaccard": [
    0.8053007135575942
  ],
  "braycurtis": [
    0.6271367521367521
  ],
  "dice": [
    0.674061433447099
  ],
  "cosinus": [
    0.3497536634287046
  ]
}