{
  "voc_eval_res": {
    "precision": 44.5087,
    "recall": 14.1805,
    "f-score": 21.5084
  },
  "KL_res": {
    "KL divergence": 2.4720180317870204,
    "Euclidean Dist.": 0.18988311677748185,
    "WER": 0.7683150183150184,
    "CER": 0.5739587150360327,
    "Cosine Dist.": 0.20850951825180397
  },
  "occ_eval_res": {
    "precision": 46.8265,
    "recall": 30.4029,
    "f-score": 36.8684
  },
  "clean_eval": {
    "f-score": 13.06954436450839,
    "precision": 10.665362035225048,
    "recall": 16.873065015479877,
    "tp": 109,
    "fp": 913,
    "fn": 537
  },
  "jaccard": [
    0.40816326530612246
  ],
  "braycurtis": [
    0.20428440560918892
  ],
  "dice": [
    0.2564102564102564
  ],
  "cosinus": [
    0.026598365909506705
  ]
}