{
  "voc_eval_res": {
    "precision": 61.2591,
    "recall": 23.6228,
    "f-score": 34.097
  },
  "KL_res": {
    "KL divergence": 1.288992694045665,
    "Euclidean Dist.": 0.08581008859695333,
    "WER": 0.6454460966542751,
    "CER": 0.5222417236579314,
    "Cosine Dist.": 0.045558730064960584
  },
  "occ_eval_res": {
    "precision": 67.3114,
    "recall": 48.513,
    "f-score": 56.3867
  },
  "clean_eval": {
    "f-score": 28.35696413678065,
    "precision": 24.228028503562946,
    "recall": 34.18230563002681,
    "tp": 510,
    "fp": 1595,
    "fn": 982
  },
  "jaccard": [
    0.5519343493552169
  ],
  "braycurtis": [
    0.22665613516947697
  ],
  "dice": [
    0.38115284974093266
  ],
  "cosinus": [
    0.03675830553506687
  ]
}