{
  "voc_eval_res": {
    "precision": 1.476,
    "recall": 10.2564,
    "f-score": 2.5806
  },
  "KL_res": {
    "KL divergence": 6.044871237961657,
    "Euclidean Dist.": 0.26057558005982234,
    "WER": 24.865168539325843,
    "CER": 32.13481228668942,
    "Cosine Dist.": 0.8470571248601051
  },
  "occ_eval_res": {
    "precision": 0.4052,
    "recall": 10.1124,
    "f-score": 0.7792
  },
  "clean_eval": {
    "f-score": 0.2733485193621868,
    "precision": 4.054054054054054,
    "recall": 0.14144271570014144,
    "tp": 3,
    "fp": 71,
    "fn": 2118
  },
  "jaccard": [
    0.8476351351351351
  ],
  "braycurtis": [
    0.9564783389898184
  ],
  "dice": [
    0.7355614189387276
  ],
  "cosinus": [
    0.3783068839710849
  ]
}