{
  "voc_eval_res": {
    "precision": 34.3608,
    "recall": 43.257,
    "f-score": 38.2991
  },
  "KL_res": {
    "KL divergence": 0.576616203534463,
    "Euclidean Dist.": 0.05930342322326592,
    "WER": 0.6196671916729439,
    "CER": 0.22852408338323144,
    "Cosine Dist.": 0.13262901772943236
  },
  "occ_eval_res": {
    "precision": 58.8612,
    "recall": 68.527,
    "f-score": 63.3274
  },
  "clean_eval": {
    "f-score": 41.070490435427544,
    "precision": 43.30400782013685,
    "recall": 39.05607147055366,
    "tp": 6645,
    "fp": 8700,
    "fn": 10369
  },
  "jaccard": [
    0.7733463035019456
  ],
  "braycurtis": [
    0.34140179299103507
  ],
  "dice": [
    0.6304520222045995
  ],
  "cosinus": [
    0.06599570944865263
  ]
}