{
  "voc_eval_res": {
    "precision": 32.0388,
    "recall": 14.1631,
    "f-score": 19.6429
  },
  "KL_res": {
    "KL divergence": 3.2046000310096865,
    "Euclidean Dist.": 0.5271340229970671,
    "WER": 1.2771739130434783,
    "CER": 0.9713445995591476,
    "Cosine Dist.": 0.13009235774375993
  },
  "occ_eval_res": {
    "precision": 21.3333,
    "recall": 30.4348,
    "f-score": 25.084
  },
  "clean_eval": {
    "f-score": 7.65661252900232,
    "precision": 9.166666666666666,
    "recall": 6.573705179282868,
    "tp": 33,
    "fp": 327,
    "fn": 469
  },
  "jaccard": [
    0.6868635437881874
  ],
  "braycurtis": [
    0.5441131263449124
  ],
  "dice": [
    0.5230709577355565
  ],
  "cosinus": [
    0.307196320971476
  ]
}