{
  "voc_eval_res": {
    "precision": 51.2077,
    "recall": 9.9906,
    "f-score": 16.7192
  },
  "KL_res": {
    "KL divergence": 3.424808215466727,
    "Euclidean Dist.": 0.3564555576436822,
    "WER": 0.8325630998933523,
    "CER": 0.6058723553888531,
    "Cosine Dist.": 0.781821568548521
  },
  "occ_eval_res": {
    "precision": 54.4031,
    "recall": 19.7654,
    "f-score": 28.9961
  },
  "clean_eval": {
    "f-score": 8.532331634022002,
    "precision": 5.839147998531033,
    "recall": 15.836653386454183,
    "tp": 159,
    "fp": 2564,
    "fn": 845
  },
  "jaccard": [
    0.4745762711864407
  ],
  "braycurtis": [
    0.32120757547346707
  ],
  "dice": [
    0.3111111111111111
  ],
  "cosinus": [
    0.04446409401129625
  ]
}