{
  "voc_eval_res": {
    "precision": 71.4286,
    "recall": 3.0488,
    "f-score": 5.848
  },
  "KL_res": {
    "KL divergence": 7.015636492422054,
    "Euclidean Dist.": 0.5485799804856152,
    "WER": 0.976897689768977,
    "CER": 0.9491682070240296,
    "Cosine Dist.": 0.8862533768027525
  },
  "occ_eval_res": {
    "precision": 77.7778,
    "recall": 2.3102,
    "f-score": 4.4872
  },
  "clean_eval": {
    "f-score": 1.3793103448275863,
    "precision": 0.7092198581560284,
    "recall": 25.0,
    "tp": 2,
    "fp": 280,
    "fn": 6
  },
  "jaccard": [
    0.9032258064516129
  ],
  "braycurtis": [
    0.908252853380158
  ],
  "dice": [
    0.8235294117647058
  ],
  "cosinus": [
    0.5693395041780771
  ]
}