{
  "voc_eval_res": {
    "precision": 27.2727,
    "recall": 6.5217,
    "f-score": 10.5263
  },
  "KL_res": {
    "KL divergence": 6.27996655046985,
    "Euclidean Dist.": 0.3391930174903175,
    "WER": 0.9215686274509803,
    "CER": 0.8274760383386581,
    "Cosine Dist.": 0.5840998040719709
  },
  "occ_eval_res": {
    "precision": 33.3333,
    "recall": 7.8431,
    "f-score": 12.6984
  },
  "clean_eval": {
    "f-score": 15.094339622641506,
    "precision": 9.75609756097561,
    "recall": 33.33333333333333,
    "tp": 4,
    "fp": 37,
    "fn": 8
  },
  "jaccard": [
    0.8846153846153846
  ],
  "braycurtis": [
    0.7635467980295566
  ],
  "dice": [
    0.7931034482758621
  ],
  "cosinus": [
    0.45568570751911186
  ]
}