{
  "voc_eval_res": {
    "precision": 79.6407,
    "recall": 51.3514,
    "f-score": 62.4413
  },
  "KL_res": {
    "KL divergence": 0.44820909796087177,
    "Euclidean Dist.": 0.06161123572165356,
    "WER": 0.49616858237547895,
    "CER": 0.4479867752981462,
    "Cosine Dist.": 0.008349776718986623
  },
  "occ_eval_res": {
    "precision": 91.6667,
    "recall": 56.8966,
    "f-score": 70.2128
  },
  "clean_eval": {
    "f-score": 38.0894800483676,
    "precision": 30.88235294117647,
    "recall": 49.684542586750794,
    "tp": 315,
    "fp": 705,
    "fn": 319
  },
  "jaccard": [
    0.3363329583802025
  ],
  "braycurtis": [
    0.2432918495072297
  ],
  "dice": [
    0.2021636240703178
  ],
  "cosinus": [
    0.007285702158979945
  ]
}