{
  "voc_eval_res": {
    "precision": 28.7546,
    "recall": 17.9634,
    "f-score": 22.1127
  },
  "KL_res": {
    "KL divergence": 2.741006946365336,
    "Euclidean Dist.": 0.10359867972628331,
    "WER": 0.8791946308724832,
    "CER": 0.659919028340081,
    "Cosine Dist.": 0.6456653065494338
  },
  "occ_eval_res": {
    "precision": 31.401,
    "recall": 19.3885,
    "f-score": 23.9742
  },
  "clean_eval": {
    "f-score": 17.62414800389484,
    "precision": 14.422310756972113,
    "recall": 22.65331664580726,
    "tp": 181,
    "fp": 1074,
    "fn": 618
  },
  "jaccard": [
    0.6319240334614515
  ],
  "braycurtis": [
    0.3038388707178516
  ],
  "dice": [
    0.46190712278962154
  ],
  "cosinus": [
    0.0862541813533021
  ]
}