{
  "voc_eval_res": {
    "precision": 71.123,
    "recall": 55.7652,
    "f-score": 62.5147
  },
  "KL_res": {
    "KL divergence": 1.0029440441722122,
    "Euclidean Dist.": 0.04745857595202887,
    "WER": 0.44203821656050957,
    "CER": 0.32671285604311007,
    "Cosine Dist.": 0.05078399948285728
  },
  "occ_eval_res": {
    "precision": 76.8049,
    "recall": 63.6943,
    "f-score": 69.6379
  },
  "clean_eval": {
    "f-score": 63.271162123385935,
    "precision": 58.17941952506597,
    "recall": 69.33962264150944,
    "tp": 441,
    "fp": 317,
    "fn": 195
  },
  "jaccard": [
    0.3640182009100455
  ],
  "braycurtis": [
    0.13818793559240566
  ],
  "dice": [
    0.22250748823277705
  ],
  "cosinus": [
    0.012417467426108386
  ]
}