{
  "voc_eval_res": {
    "precision": 70.8543,
    "recall": 15.3595,
    "f-score": 25.2462
  },
  "KL_res": {
    "KL divergence": 2.1713796189792367,
    "Euclidean Dist.": 0.15077718856560876,
    "WER": 0.7592245153220762,
    "CER": 0.6178470011186645,
    "Cosine Dist.": 0.15499890761292
  },
  "occ_eval_res": {
    "precision": 68.9855,
    "recall": 29.7686,
    "f-score": 41.5902
  },
  "clean_eval": {
    "f-score": 23.30188679245283,
    "precision": 17.17663421418637,
    "recall": 36.21700879765396,
    "tp": 247,
    "fp": 1191,
    "fn": 435
  },
  "jaccard": [
    0.5466666666666666
  ],
  "braycurtis": [
    0.3129150886437236
  ],
  "dice": [
    0.3761467889908257
  ],
  "cosinus": [
    0.0110368947461299
  ]
}