{
  "voc_eval_res": {
    "precision": 47.8873,
    "recall": 14.9123,
    "f-score": 22.7425
  },
  "KL_res": {
    "KL divergence": 3.067334492694401,
    "Euclidean Dist.": 0.2275228148386726,
    "WER": 0.7738693467336684,
    "CER": 0.5775359502526234,
    "Cosine Dist.": 0.13485497181293415
  },
  "occ_eval_res": {
    "precision": 56.8075,
    "recall": 30.402,
    "f-score": 39.6072
  },
  "clean_eval": {
    "f-score": 13.62862010221465,
    "precision": 10.695187165775401,
    "recall": 18.779342723004692,
    "tp": 40,
    "fp": 334,
    "fn": 173
  },
  "jaccard": [
    0.4375
  ],
  "braycurtis": [
    0.18488888888888888
  ],
  "dice": [
    0.28
  ],
  "cosinus": [
    0.039105529227115965
  ]
}