{
  "voc_eval_res": {
    "precision": 66.0126,
    "recall": 87.8633,
    "f-score": 75.3865
  },
  "KL_res": {
    "KL divergence": 0.05490769300140276,
    "Euclidean Dist.": 0.01499078021863161,
    "WER": 0.1535367423355956,
    "CER": 0.05173240570986509,
    "Cosine Dist.": 0.008638182828292429
  },
  "occ_eval_res": {
    "precision": 88.4482,
    "recall": 93.4289,
    "f-score": 90.8704
  },
  "clean_eval": {
    "f-score": 77.13546713788976,
    "precision": 78.79222376685857,
    "recall": 75.54694860253323,
    "tp": 108255,
    "fp": 29138,
    "fn": 35040
  },
  "jaccard": [
    0.4046901172529313
  ],
  "braycurtis": [
    0.0692515063806389
  ],
  "dice": [
    0.25367492650146994
  ],
  "cosinus": [
    0.0020858823752171185
  ]
}