{
  "voc_eval_res": {
    "precision": 57.1463,
    "recall": 64.73,
    "f-score": 60.7022
  },
  "KL_res": {
    "KL divergence": 0.23041989125772958,
    "Euclidean Dist.": 0.027099010589490043,
    "WER": 0.23004311644990152,
    "CER": 0.09407540276577925,
    "Cosine Dist.": 0.023478117800579068
  },
  "occ_eval_res": {
    "precision": 82.003,
    "recall": 82.23,
    "f-score": 82.1163
  },
  "clean_eval": {
    "f-score": 74.91470108292539,
    "precision": 74.438486908776,
    "recall": 75.39704757105798,
    "tp": 40400,
    "fp": 13873,
    "fn": 13183
  },
  "jaccard": [
    0.570105181897134
  ],
  "braycurtis": [
    0.16647744474719953
  ],
  "dice": [
    0.39870427858010526
  ],
  "cosinus": [
    0.011217066923150387
  ]
}