{
  "TesseractFra-PNG-jspll-ELTeC": {
    "mediane": 0.23057023956810258,
    "moyenne": 0.2923400736256385
  },
  "TesseractFra-PNG-jspll-pretrain": {
    "mediane": 0.2265212012147115,
    "moyenne": 0.293683186590006
  },
  "TesseractFra-png": {
    "mediane": 0.2238780789562479,
    "moyenne": 0.28501336934530347
  },
  "kraken-jspll-ELTeC": {
    "mediane": 0.25992186780026694,
    "moyenne": 0.5389976747475027
  },
  "kraken-jspll-pretrain": {
    "mediane": 0.2593803889453241,
    "moyenne": 0.5436776233498398
  },
  "kraken": {
    "mediane": 0.2549370389291971,
    "moyenne": 0.5420180738911754
  }
}