{
  "voc_eval_res": {
    "precision": 73.3289,
    "recall": 91.6458,
    "f-score": 81.4705
  },
  "KL_res": {
    "KL divergence": 0.12535306408715652,
    "Euclidean Dist.": 0.016407541680077537,
    "WER": 0.288974606235937,
    "CER": 0.23057023956810258,
    "Cosine Dist.": 0.005469678947184309
  },
  "occ_eval_res": {
    "precision": 79.4851,
    "recall": 94.2784,
    "f-score": 86.252
  },
  "clean_eval": {
    "f-score": 77.83060921248143,
    "precision": 85.61621444916639,
    "recall": 71.3429583219831,
    "tp": 2619,
    "fp": 440,
    "fn": 1052
  },
  "jaccard": [
    0.28410596026490065
  ],
  "braycurtis": [
    0.1312259059367772
  ],
  "dice": [
    0.16557313778463914
  ],
  "cosinus": [
    0.00664918179386631
  ]
}