{
  "voc_eval_res": {
    "precision": 42.8571,
    "recall": 4.878,
    "f-score": 8.7591
  },
  "KL_res": {
    "KL divergence": 6.957218693872235,
    "Euclidean Dist.": 0.7490503257684845,
    "WER": 0.9601769911504425,
    "CER": 0.863456090651558,
    "Cosine Dist.": 0.862260940132489
  },
  "occ_eval_res": {
    "precision": 33.3333,
    "recall": 3.9823,
    "f-score": 7.1146
  },
  "clean_eval": {
    "f-score": 7.28744939271255,
    "precision": 4.072398190045249,
    "recall": 34.61538461538461,
    "tp": 9,
    "fp": 212,
    "fn": 17
  },
  "jaccard": [
    0.8307543520309478
  ],
  "braycurtis": [
    0.7940891472868217
  ],
  "dice": [
    0.7105045492142267
  ],
  "cosinus": [
    0.5726426495042751
  ]
}