{
  "voc_eval_res": {
    "precision": 33.5165,
    "recall": 15.3138,
    "f-score": 21.0224
  },
  "KL_res": {
    "KL divergence": 2.9248031910495915,
    "Euclidean Dist.": 0.09419122232590722,
    "WER": 0.8835770528683915,
    "CER": 0.652786523929471,
    "Cosine Dist.": 0.7131091366964473
  },
  "occ_eval_res": {
    "precision": 32.971,
    "recall": 15.3543,
    "f-score": 20.9517
  },
  "clean_eval": {
    "f-score": 14.527845036319615,
    "precision": 10.72066706372841,
    "recall": 22.528160200250312,
    "tp": 180,
    "fp": 1499,
    "fn": 619
  },
  "jaccard": [
    0.64645263575109
  ],
  "braycurtis": [
    0.38764820722822724
  ],
  "dice": [
    0.4775988286969253
  ],
  "cosinus": [
    0.13087070981165372
  ]
}