{
  "voc_eval_res": {
    "precision": 49.2063,
    "recall": 25.2033,
    "f-score": 33.3333
  },
  "KL_res": {
    "KL divergence": 2.0613434771878585,
    "Euclidean Dist.": 0.155690169506662,
    "WER": 0.6814159292035398,
    "CER": 0.5745042492917847,
    "Cosine Dist.": 0.07833696743960461
  },
  "occ_eval_res": {
    "precision": 53.8462,
    "recall": 49.5575,
    "f-score": 51.6129
  },
  "clean_eval": {
    "f-score": 15.023474178403756,
    "precision": 14.479638009049776,
    "recall": 15.609756097560975,
    "tp": 32,
    "fp": 189,
    "fn": 173
  },
  "jaccard": [
    0.6063919259882254
  ],
  "braycurtis": [
    0.3228169014084507
  ],
  "dice": [
    0.4351237175618588
  ],
  "cosinus": [
    0.07631931283598314
  ]
}