{
  "voc_eval_res": {
    "precision": 76.3799,
    "recall": 78.0826,
    "f-score": 77.2219
  },
  "KL_res": {
    "KL divergence": 0.07691005891455095,
    "Euclidean Dist.": 0.014089000616751975,
    "WER": 0.15988100228965785,
    "CER": 0.07360527234952693,
    "Cosine Dist.": 0.006766777373144017
  },
  "occ_eval_res": {
    "precision": 89.1945,
    "recall": 90.115,
    "f-score": 89.6524
  },
  "clean_eval": {
    "f-score": 82.04031911336168,
    "precision": 84.45360588153333,
    "recall": 79.76112147507102,
    "tp": 103041,
    "fp": 18968,
    "fn": 26146
  },
  "jaccard": [
    0.3476760487436644
  ],
  "braycurtis": [
    0.09715933390061417
  ],
  "dice": [
    0.210416394726537
  ],
  "cosinus": [
    0.007823705492050026
  ]
}