{
  "voc_eval_res": {
    "precision": 49.8871,
    "recall": 78.0919,
    "f-score": 60.8815
  },
  "KL_res": {
    "KL divergence": 0.5987443849805733,
    "Euclidean Dist.": 0.04745302480889515,
    "WER": 1.105318039624609,
    "CER": 0.8271375464684015,
    "Cosine Dist.": 0.10705909642547107
  },
  "occ_eval_res": {
    "precision": 46.5387,
    "recall": 83.4202,
    "f-score": 59.7461
  },
  "clean_eval": {
    "f-score": 38.663967611336034,
    "precision": 55.739299610894946,
    "recall": 29.59710743801653,
    "tp": 573,
    "fp": 455,
    "fn": 1363
  },
  "jaccard": [
    0.5523059617547806
  ],
  "braycurtis": [
    0.38181818181818183
  ],
  "dice": [
    0.3815073815073815
  ],
  "cosinus": [
    0.10447185891207145
  ]
}