{
  "voc_eval_res": {
    "precision": 83.3333,
    "recall": 13.0261,
    "f-score": 22.5303
  },
  "KL_res": {
    "KL divergence": 5.012352771700514,
    "Euclidean Dist.": 0.37497084352344906,
    "WER": 0.916270783847981,
    "CER": 0.8935315985130111,
    "Cosine Dist.": 0.7186229017809174
  },
  "occ_eval_res": {
    "precision": 88.4393,
    "recall": 9.0855,
    "f-score": 16.4782
  },
  "clean_eval": {
    "f-score": 13.720022308979365,
    "precision": 7.56923076923077,
    "recall": 73.21428571428571,
    "tp": 123,
    "fp": 1502,
    "fn": 45
  },
  "jaccard": [
    0.718895800933126
  ],
  "braycurtis": [
    0.8046514736349663
  ],
  "dice": [
    0.5611532625189681
  ],
  "cosinus": [
    0.508954400399708
  ]
}