{
  "voc_eval_res": {
    "precision": 0,
    "recall": 0,
    "f-score": 0
  },
  "KL_res": {
    "KL divergence": 8.042092641271688,
    "Euclidean Dist.": 0.3534826728426727,
    "WER": 1.0,
    "CER": 0.7850467289719626,
    "Cosine Dist.": 1.0
  },
  "occ_eval_res": {
    "precision": 0,
    "recall": 0,
    "f-score": 0
  },
  "clean_eval": {
    "f-score": 0.0,
    "precision": 0.0,
    "recall": 0.0,
    "tp": 0,
    "fp": 40,
    "fn": 23
  },
  "jaccard": [
    0.852112676056338
  ],
  "braycurtis": [
    0.7764084507042254
  ],
  "dice": [
    0.7423312883435583
  ],
  "cosinus": [
    0.6862081983441933
  ]
}