{
  "voc_eval_res": {
    "precision": 71.4286,
    "recall": 1.6077,
    "f-score": 3.1447
  },
  "KL_res": {
    "KL divergence": 6.407610264770785,
    "Euclidean Dist.": 0.5440879203233504,
    "WER": 0.9863325740318907,
    "CER": 0.9645027182603134,
    "Cosine Dist.": 0.9110174816997751
  },
  "occ_eval_res": {
    "precision": 66.6667,
    "recall": 1.3667,
    "f-score": 2.6786
  },
  "clean_eval": {
    "f-score": 1.8604651162790702,
    "precision": 0.9478672985781991,
    "recall": 50.0,
    "tp": 4,
    "fp": 418,
    "fn": 4
  },
  "jaccard": [
    0.9363395225464191
  ],
  "braycurtis": [
    0.9380177968702056
  ],
  "dice": [
    0.8802992518703242
  ],
  "cosinus": [
    0.5649050916399102
  ]
}