{
  "voc_eval_res": {
    "precision": 74.9973,
    "recall": 93.0306,
    "f-score": 83.0462
  },
  "KL_res": {
    "KL divergence": 0.023486542162204648,
    "Euclidean Dist.": 0.01178232935923094,
    "WER": 0.09705637076598236,
    "CER": 0.04963103159477443,
    "Cosine Dist.": 0.003089761432276239
  },
  "occ_eval_res": {
    "precision": 92.2826,
    "recall": 94.9467,
    "f-score": 93.5957
  },
  "clean_eval": {
    "f-score": 83.75414389391632,
    "precision": 86.11832771359607,
    "recall": 81.51629837626663,
    "tp": 46739,
    "fp": 7534,
    "fn": 10598
  },
  "jaccard": [
    0.2960863403466696
  ],
  "braycurtis": [
    0.06451011813811351
  ],
  "dice": [
    0.17376839411388356
  ],
  "cosinus": [
    0.005080473183963097
  ]
}