{
  "voc_eval_res": {
    "precision": 83.9286,
    "recall": 11.0849,
    "f-score": 19.5833
  },
  "KL_res": {
    "KL divergence": 6.0442080717095354,
    "Euclidean Dist.": 0.3455604826993178,
    "WER": 0.9338040600176523,
    "CER": 0.9042689865286495,
    "Cosine Dist.": 0.9238149001577507
  },
  "occ_eval_res": {
    "precision": 87.3606,
    "recall": 6.9138,
    "f-score": 12.8135
  },
  "clean_eval": {
    "f-score": 5.334081976417743,
    "precision": 2.8814073400060662,
    "recall": 35.84905660377358,
    "tp": 95,
    "fp": 3202,
    "fn": 170
  },
  "jaccard": [
    0.7081353919239906
  ],
  "braycurtis": [
    0.8238842782388428
  ],
  "dice": [
    0.5481498506090554
  ],
  "cosinus": [
    0.6343370543317945
  ]
}