{
  "voc_eval_res": {
    "precision": 52.5714,
    "recall": 14.58,
    "f-score": 22.8288
  },
  "KL_res": {
    "KL divergence": 3.416426447206355,
    "Euclidean Dist.": 0.18911515260069323,
    "WER": 0.8631346578366446,
    "CER": 0.6884860691507217,
    "Cosine Dist.": 0.7565612216368197
  },
  "occ_eval_res": {
    "precision": 46.6454,
    "recall": 16.1148,
    "f-score": 23.9541
  },
  "clean_eval": {
    "f-score": 15.672913117546846,
    "precision": 10.550458715596331,
    "recall": 30.4635761589404,
    "tp": 92,
    "fp": 780,
    "fn": 210
  },
  "jaccard": [
    0.41509433962264153
  ],
  "braycurtis": [
    0.4058288215643359
  ],
  "dice": [
    0.2619047619047619
  ],
  "cosinus": [
    0.020711747517737522
  ]
}