{
  "voc_eval_res": {
    "precision": 45.3658,
    "recall": 63.4543,
    "f-score": 52.9067
  },
  "KL_res": {
    "KL divergence": 0.2696195838041366,
    "Euclidean Dist.": 0.036788690455324194,
    "WER": 0.2809236586244148,
    "CER": 0.09491969114319632,
    "Cosine Dist.": 0.058935283191509646
  },
  "occ_eval_res": {
    "precision": 77.9619,
    "recall": 78.6348,
    "f-score": 78.2969
  },
  "clean_eval": {
    "f-score": 70.70359341560952,
    "precision": 70.50013158346397,
    "recall": 70.90823301954104,
    "tp": 61615,
    "fp": 25782,
    "fn": 25279
  },
  "jaccard": [
    0.6433823529411765
  ],
  "braycurtis": [
    0.19525390311833768
  ],
  "dice": [
    0.4742547425474255
  ],
  "cosinus": [
    0.012860589968233138
  ]
}