{
  "voc_eval_res": {
    "precision": 65.1247,
    "recall": 84.0821,
    "f-score": 73.3991
  },
  "KL_res": {
    "KL divergence": 0.11478154253547342,
    "Euclidean Dist.": 0.024547169377761694,
    "WER": 0.24373640918975134,
    "CER": 0.09756470990867662,
    "Cosine Dist.": 0.020599385795088132
  },
  "occ_eval_res": {
    "precision": 81.4397,
    "recall": 91.1837,
    "f-score": 86.0367
  },
  "clean_eval": {
    "f-score": 68.94778481012658,
    "precision": 74.91761784230383,
    "recall": 63.85914919601059,
    "tp": 15687,
    "fp": 5252,
    "fn": 8878
  },
  "jaccard": [
    0.4176325289758693
  ],
  "braycurtis": [
    0.10489307017118471
  ],
  "dice": [
    0.2639289145052834
  ],
  "cosinus": [
    0.009342178008712732
  ]
}