{
  "voc_eval_res": {
    "precision": 59.8131,
    "recall": 16.4103,
    "f-score": 25.7545
  },
  "KL_res": {
    "KL divergence": 2.8449124046266334,
    "Euclidean Dist.": 0.18404692120471736,
    "WER": 0.7726523887973641,
    "CER": 0.6779765576804442,
    "Cosine Dist.": 0.26200072557193355
  },
  "occ_eval_res": {
    "precision": 60.7273,
    "recall": 27.5124,
    "f-score": 37.8685
  },
  "clean_eval": {
    "f-score": 17.096018735362996,
    "precision": 12.5,
    "recall": 27.037037037037038,
    "tp": 73,
    "fp": 511,
    "fn": 197
  },
  "jaccard": [
    0.391304347826087
  ],
  "braycurtis": [
    0.39067999436857664
  ],
  "dice": [
    0.24324324324324326
  ],
  "cosinus": [
    0.03175823836180103
  ]
}