{
  "voc_eval_res": {
    "precision": 65.3846,
    "recall": 8.2391,
    "f-score": 14.6341
  },
  "KL_res": {
    "KL divergence": 5.292488717788062,
    "Euclidean Dist.": 0.378344740741173,
    "WER": 0.9394285714285714,
    "CER": 0.8982419547079857,
    "Cosine Dist.": 0.7653489238256193
  },
  "occ_eval_res": {
    "precision": 68.7861,
    "recall": 6.8,
    "f-score": 12.3765
  },
  "clean_eval": {
    "f-score": 8.35117773019272,
    "precision": 4.588235294117647,
    "recall": 46.42857142857143,
    "tp": 78,
    "fp": 1622,
    "fn": 90
  },
  "jaccard": [
    0.7582608695652174
  ],
  "braycurtis": [
    0.808371222251939
  ],
  "dice": [
    0.6106442577030813
  ],
  "cosinus": [
    0.5013184898770007
  ]
}