{
  "voc_eval_res": {
    "precision": 43.9024,
    "recall": 14.4,
    "f-score": 21.6867
  },
  "KL_res": {
    "KL divergence": 2.223625819707329,
    "Euclidean Dist.": 0.4337835714013402,
    "WER": 0.7896440129449838,
    "CER": 0.6268601190476191,
    "Cosine Dist.": 0.4734879270892923
  },
  "occ_eval_res": {
    "precision": 65.2482,
    "recall": 29.7735,
    "f-score": 40.8889
  },
  "clean_eval": {
    "f-score": 13.092550790067719,
    "precision": 9.570957095709572,
    "recall": 20.714285714285715,
    "tp": 29,
    "fp": 274,
    "fn": 111
  },
  "jaccard": [
    0.6533864541832669
  ],
  "braycurtis": [
    0.37799854615943784
  ],
  "dice": [
    0.48520710059171596
  ],
  "cosinus": [
    0.21880856498605494
  ]
}