{
  "voc_eval_res": {
    "precision": 60.4167,
    "recall": 17.1598,
    "f-score": 26.7281
  },
  "KL_res": {
    "KL divergence": 4.078581118713612,
    "Euclidean Dist.": 0.232793745872309,
    "WER": 0.8740157480314961,
    "CER": 0.7744282744282744,
    "Cosine Dist.": 0.3388890673552648
  },
  "occ_eval_res": {
    "precision": 55.6818,
    "recall": 19.2913,
    "f-score": 28.655
  },
  "clean_eval": {
    "f-score": 18.296529968454255,
    "precision": 12.340425531914894,
    "recall": 35.36585365853659,
    "tp": 29,
    "fp": 206,
    "fn": 53
  },
  "jaccard": [
    0.6976579134137686
  ],
  "braycurtis": [
    0.5987067325979459
  ],
  "dice": [
    0.5356948228882834
  ],
  "cosinus": [
    0.2610902915100627
  ]
}