{
  "voc_eval_res": {
    "precision": 86.9048,
    "recall": 42.4419,
    "f-score": 57.0313
  },
  "KL_res": {
    "KL divergence": 1.0930163740500194,
    "Euclidean Dist.": 0.08705189836857502,
    "WER": 0.45666666666666667,
    "CER": 0.4046360309068727,
    "Cosine Dist.": 0.039388772408403216
  },
  "occ_eval_res": {
    "precision": 92.6702,
    "recall": 59.0,
    "f-score": 72.0978
  },
  "clean_eval": {
    "f-score": 68.0672268907563,
    "precision": 56.05536332179931,
    "recall": 86.63101604278076,
    "tp": 162,
    "fp": 127,
    "fn": 25
  },
  "jaccard": [
    0.46799116997792495
  ],
  "braycurtis": [
    0.22442563482466749
  ],
  "dice": [
    0.30547550432276654
  ],
  "cosinus": [
    0.01954688045024211
  ]
}