{
  "voc_eval_res": {
    "precision": 72.941,
    "recall": 84.4621,
    "f-score": 78.2799
  },
  "KL_res": {
    "KL divergence": 0.07480387648643645,
    "Euclidean Dist.": 0.01655293668202022,
    "WER": 0.14757108524829207,
    "CER": 0.05812166960418069,
    "Cosine Dist.": 0.010019759736562439
  },
  "occ_eval_res": {
    "precision": 90.1808,
    "recall": 90.6435,
    "f-score": 90.4115
  },
  "clean_eval": {
    "f-score": 80.88782749174686,
    "precision": 80.7437738389051,
    "recall": 81.0323960708154,
    "tp": 28790,
    "fp": 6866,
    "fn": 6739
  },
  "jaccard": [
    0.6421877662293406
  ],
  "braycurtis": [
    0.09480152881516825
  ],
  "dice": [
    0.4729577111306312
  ],
  "cosinus": [
    0.006016561139993271
  ]
}