{
  "voc_eval_res": {
    "precision": 60.0,
    "recall": 4.3478,
    "f-score": 8.1081
  },
  "KL_res": {
    "KL divergence": 6.1285126818201325,
    "Euclidean Dist.": 0.5876131515650215,
    "WER": 0.9547038327526133,
    "CER": 0.9423805913570887,
    "Cosine Dist.": 0.5545962269127618
  },
  "occ_eval_res": {
    "precision": 73.6842,
    "recall": 4.878,
    "f-score": 9.1503
  },
  "clean_eval": {
    "f-score": 6.688963210702342,
    "precision": 3.558718861209965,
    "recall": 55.55555555555556,
    "tp": 10,
    "fp": 271,
    "fn": 8
  },
  "jaccard": [
    0.8678102926337034
  ],
  "braycurtis": [
    0.9019957234497505
  ],
  "dice": [
    0.7664884135472371
  ],
  "cosinus": [
    0.3152000487021498
  ]
}