{
  "voc_eval_res": {
    "precision": 62.8205,
    "recall": 9.369,
    "f-score": 16.3062
  },
  "KL_res": {
    "KL divergence": 5.112491243950134,
    "Euclidean Dist.": 0.37242745155645246,
    "WER": 0.9281567489114659,
    "CER": 0.876439694093799,
    "Cosine Dist.": 0.7165414572952605
  },
  "occ_eval_res": {
    "precision": 65.3179,
    "recall": 8.2003,
    "f-score": 14.5712
  },
  "clean_eval": {
    "f-score": 11.118553248492967,
    "precision": 6.264150943396227,
    "recall": 49.404761904761905,
    "tp": 83,
    "fp": 1242,
    "fn": 85
  },
  "jaccard": [
    0.7524898561416451
  ],
  "braycurtis": [
    0.7737403100775194
  ],
  "dice": [
    0.6031933767001774
  ],
  "cosinus": [
    0.48479144988104805
  ]
}