{
  "voc_eval_res": {
    "precision": 69.5238,
    "recall": 48.9933,
    "f-score": 57.4803
  },
  "KL_res": {
    "KL divergence": 1.04467197053128,
    "Euclidean Dist.": 0.10000510386248086,
    "WER": 0.4666666666666667,
    "CER": 0.34453000531067446,
    "Cosine Dist.": 0.043279705195798046
  },
  "occ_eval_res": {
    "precision": 71.9415,
    "recall": 66.7901,
    "f-score": 69.2702
  },
  "clean_eval": {
    "f-score": 51.10533159947984,
    "precision": 49.496221662468514,
    "recall": 52.82258064516129,
    "tp": 393,
    "fp": 401,
    "fn": 351
  },
  "jaccard": [
    0.25925925925925924
  ],
  "braycurtis": [
    0.05108591722442289
  ],
  "dice": [
    0.14893617021276595
  ],
  "cosinus": [
    0.00283292073734398
  ]
}