{
  "voc_eval_res": {
    "precision": 18.2493,
    "recall": 52.5641,
    "f-score": 27.0925
  },
  "KL_res": {
    "KL divergence": 1.7178632114454762,
    "Euclidean Dist.": 0.10405374016744774,
    "WER": 2.9034653465346536,
    "CER": 2.3125,
    "Cosine Dist.": 0.40238803107992416
  },
  "occ_eval_res": {
    "precision": 17.7205,
    "recall": 56.1881,
    "f-score": 26.9436
  },
  "clean_eval": {
    "f-score": 12.993039443155451,
    "precision": 31.28491620111732,
    "recall": 8.199121522693996,
    "tp": 112,
    "fp": 246,
    "fn": 1254
  },
  "jaccard": [
    0.8621621621621621
  ],
  "braycurtis": [
    0.7511045655375552
  ],
  "dice": [
    0.7577197149643705
  ],
  "cosinus": [
    0.5252762437905659
  ]
}