{
  "voc_eval_res": {
    "precision": 48.8889,
    "recall": 25.4545,
    "f-score": 33.4783
  },
  "KL_res": {
    "KL divergence": 2.4940315669429376,
    "Euclidean Dist.": 0.09533980006814069,
    "WER": 0.7781569965870307,
    "CER": 0.6025515210991168,
    "Cosine Dist.": 0.3291201188646994
  },
  "occ_eval_res": {
    "precision": 48.9194,
    "recall": 28.3276,
    "f-score": 35.879
  },
  "clean_eval": {
    "f-score": 25.686711210096508,
    "precision": 20.400943396226413,
    "recall": 34.66933867735471,
    "tp": 173,
    "fp": 675,
    "fn": 326
  },
  "jaccard": [
    0.5987860394537178
  ],
  "braycurtis": [
    0.3707345855049661
  ],
  "dice": [
    0.42733376651505306
  ],
  "cosinus": [
    0.07972530547083656
  ]
}