{
  "voc_eval_res": {
    "precision": 26.9668,
    "recall": 59.5885,
    "f-score": 37.1303
  },
  "KL_res": {
    "KL divergence": 0.32657736711518437,
    "Euclidean Dist.": 0.03395883457546818,
    "WER": 1.7750871708548757,
    "CER": 1.3355020772908992,
    "Cosine Dist.": 0.04310890050352889
  },
  "occ_eval_res": {
    "precision": 42.3897,
    "recall": 81.022,
    "f-score": 55.6592
  },
  "clean_eval": {
    "f-score": 19.239733583271818,
    "precision": 28.52294525601298,
    "recall": 14.515462885320584,
    "tp": 11598,
    "fp": 29064,
    "fn": 68303
  },
  "jaccard": [
    0.7042263409154732
  ],
  "braycurtis": [
    0.36684743269770864
  ],
  "dice": [
    0.543479438695346
  ],
  "cosinus": [
    0.022341309624700822
  ]
}