{
  "voc_eval_res": {
    "precision": 71.4286,
    "recall": 3.268,
    "f-score": 6.25
  },
  "KL_res": {
    "KL divergence": 6.994711371842118,
    "Euclidean Dist.": 0.5462877137586967,
    "WER": 0.9756944444444444,
    "CER": 0.9471407976934166,
    "Cosine Dist.": 0.8662738262100149
  },
  "occ_eval_res": {
    "precision": 77.7778,
    "recall": 2.4306,
    "f-score": 4.7138
  },
  "clean_eval": {
    "f-score": 1.4545454545454546,
    "precision": 0.7490636704119851,
    "recall": 25.0,
    "tp": 2,
    "fp": 265,
    "fn": 6
  },
  "jaccard": [
    0.8991121872477804
  ],
  "braycurtis": [
    0.9051959890610757
  ],
  "dice": [
    0.8167155425219942
  ],
  "cosinus": [
    0.562458499559777
  ]
}