{
  "voc_eval_res": {
    "precision": 50.2267,
    "recall": 57.2684,
    "f-score": 53.5169
  },
  "KL_res": {
    "KL divergence": 0.20875741487337193,
    "Euclidean Dist.": 0.01876897088298651,
    "WER": 0.2894159898106195,
    "CER": 0.09929358028992238,
    "Cosine Dist.": 0.013172517269946948
  },
  "occ_eval_res": {
    "precision": 76.4951,
    "recall": 80.1495,
    "f-score": 78.2797
  },
  "clean_eval": {
    "f-score": 67.96247312786679,
    "precision": 69.88081898747072,
    "recall": 66.14663684048134,
    "tp": 34301,
    "fp": 14784,
    "fn": 17555
  },
  "jaccard": [
    0.6269430051813472
  ],
  "braycurtis": [
    0.22189995111618055
  ],
  "dice": [
    0.45660377358490567
  ],
  "cosinus": [
    0.01650248842160551
  ]
}