{
  "voc_eval_res": {
    "precision": 1.107,
    "recall": 9.8361,
    "f-score": 1.99
  },
  "KL_res": {
    "KL divergence": 6.504717055134434,
    "Euclidean Dist.": 0.2720705875744759,
    "WER": 28.025316455696203,
    "CER": 37.562624254473164,
    "Cosine Dist.": 0.8712703992110089
  },
  "occ_eval_res": {
    "precision": 0.3152,
    "recall": 8.8608,
    "f-score": 0.6087
  },
  "clean_eval": {
    "f-score": 0.2737226277372263,
    "precision": 4.225352112676056,
    "recall": 0.14144271570014144,
    "tp": 3,
    "fp": 68,
    "fn": 2118
  },
  "jaccard": [
    0.8723331039229181
  ],
  "braycurtis": [
    0.9608020050125313
  ],
  "dice": [
    0.7735733902960025
  ],
  "cosinus": [
    0.4543311684492033
  ]
}