{
  "voc_eval_res": {
    "precision": 76.0712,
    "recall": 90.3164,
    "f-score": 82.584
  },
  "KL_res": {
    "KL divergence": 0.026835669656201117,
    "Euclidean Dist.": 0.011067447090119439,
    "WER": 0.10174062705158005,
    "CER": 0.05253265980387631,
    "Cosine Dist.": 0.003143492217653976
  },
  "occ_eval_res": {
    "precision": 92.2809,
    "recall": 94.9449,
    "f-score": 93.5939
  },
  "clean_eval": {
    "f-score": 83.2523967386435,
    "precision": 85.60241740828774,
    "recall": 81.02795751434502,
    "tp": 46459,
    "fp": 7814,
    "fn": 10878
  },
  "jaccard": [
    0.3006922733363109
  ],
  "braycurtis": [
    0.06416290014444807
  ],
  "dice": [
    0.17694986529995402
  ],
  "cosinus": [
    0.00538594967729622
  ]
}