{
  "voc_eval_res": {
    "precision": 55.5556,
    "recall": 7.9007,
    "f-score": 13.834
  },
  "KL_res": {
    "KL divergence": 4.125005531551697,
    "Euclidean Dist.": 0.3109764353530439,
    "WER": 0.8569553805774278,
    "CER": 0.7544812601846822,
    "Cosine Dist.": 0.3510719225180067
  },
  "occ_eval_res": {
    "precision": 58.1731,
    "recall": 15.8793,
    "f-score": 24.9485
  },
  "clean_eval": {
    "f-score": 7.314524555903866,
    "precision": 4.654255319148936,
    "recall": 17.073170731707318,
    "tp": 35,
    "fp": 717,
    "fn": 170
  },
  "jaccard": [
    0.754325259515571
  ],
  "braycurtis": [
    0.5967741935483871
  ],
  "dice": [
    0.6055555555555555
  ],
  "cosinus": [
    0.30834581758268564
  ]
}