{
  "voc_eval_res": {
    "precision": 63.3333,
    "recall": 39.5833,
    "f-score": 48.7179
  },
  "KL_res": {
    "KL divergence": 2.033831982845528,
    "Euclidean Dist.": 0.13205321349627053,
    "WER": 0.6090225563909775,
    "CER": 0.432937181663837,
    "Cosine Dist.": 0.14077127757683838
  },
  "occ_eval_res": {
    "precision": 64.6465,
    "recall": 48.1203,
    "f-score": 55.1724
  },
  "clean_eval": {
    "f-score": 53.39366515837104,
    "precision": 47.58064516129033,
    "recall": 60.824742268041234,
    "tp": 59,
    "fp": 65,
    "fn": 38
  },
  "jaccard": [
    0.4619238476953908
  ],
  "braycurtis": [
    0.22757999098693105
  ],
  "dice": [
    0.3003257328990228
  ],
  "cosinus": [
    0.053461282269445576
  ]
}