{
  "voc_eval_res": {
    "precision": 90.9091,
    "recall": 66.6667,
    "f-score": 76.9231
  },
  "KL_res": {
    "KL divergence": 1.666727136503326,
    "Euclidean Dist.": 0.23273733406281566,
    "WER": 0.5333333333333333,
    "CER": 0.6470588235294118,
    "Cosine Dist.": 0.15321960518854905
  },
  "occ_eval_res": {
    "precision": 83.3333,
    "recall": 66.6667,
    "f-score": 74.0741
  },
  "clean_eval": {
    "f-score": 59.25925925925925,
    "precision": 53.333333333333336,
    "recall": 66.66666666666666,
    "tp": 8,
    "fp": 7,
    "fn": 4
  },
  "jaccard": [
    0.5565610859728507
  ],
  "braycurtis": [
    0.4225352112676056
  ],
  "dice": [
    0.38557993730407525
  ],
  "cosinus": [
    0.2551855272838691
  ]
}