{
  "voc_eval_res": {
    "precision": 15.7895,
    "recall": 4.4118,
    "f-score": 6.8966
  },
  "KL_res": {
    "KL divergence": 7.826356538364435,
    "Euclidean Dist.": 0.4630860940135754,
    "WER": 0.9765625,
    "CER": 0.8492779783393501,
    "Cosine Dist.": 0.9523533006956847
  },
  "occ_eval_res": {
    "precision": 12.0,
    "recall": 2.3438,
    "f-score": 3.9216
  },
  "clean_eval": {
    "f-score": 4.054054054054054,
    "precision": 2.4,
    "recall": 13.043478260869565,
    "tp": 3,
    "fp": 122,
    "fn": 20
  },
  "jaccard": [
    0.8083228247162674
  ],
  "braycurtis": [
    0.8146233382570163
  ],
  "dice": [
    0.6783068783068783
  ],
  "cosinus": [
    0.7048894968986668
  ]
}