{
  "voc_eval_res": {
    "precision": 6.6667,
    "recall": 20.5882,
    "f-score": 10.0719
  },
  "KL_res": {
    "KL divergence": 4.384902115910342,
    "Euclidean Dist.": 0.2855670370266761,
    "WER": 7.4,
    "CER": 7.59190031152648,
    "Cosine Dist.": 0.3673429707934709
  },
  "occ_eval_res": {
    "precision": 3.8961,
    "recall": 30.0,
    "f-score": 6.8966
  },
  "clean_eval": {
    "f-score": 1.2121212121212122,
    "precision": 5.0,
    "recall": 0.6896551724137931,
    "tp": 2,
    "fp": 38,
    "fn": 288
  },
  "jaccard": [
    0.7742537313432836
  ],
  "braycurtis": [
    0.8418467583497053
  ],
  "dice": [
    0.6316590563165906
  ],
  "cosinus": [
    0.22639240878570965
  ]
}