{
  "voc_eval_res": {
    "precision": 58.3535,
    "recall": 61.7949,
    "f-score": 60.0249
  },
  "KL_res": {
    "KL divergence": 0.3903294746958144,
    "Euclidean Dist.": 0.07569145743980389,
    "WER": 0.4798807749627422,
    "CER": 0.4020722538052448,
    "Cosine Dist.": 0.07101945852218272
  },
  "occ_eval_res": {
    "precision": 71.7602,
    "recall": 82.9359,
    "f-score": 76.9443
  },
  "clean_eval": {
    "f-score": 52.355267889248466,
    "precision": 56.477889837083005,
    "recall": 48.793565683646115,
    "tp": 728,
    "fp": 561,
    "fn": 764
  },
  "jaccard": [
    0.3673245614035088
  ],
  "braycurtis": [
    0.13542287709735115
  ],
  "dice": [
    0.22498321020819342
  ],
  "cosinus": [
    0.04566338437632167
  ]
}