{
  "voc_eval_res": {
    "precision": 55.5556,
    "recall": 23.8095,
    "f-score": 33.3333
  },
  "KL_res": {
    "KL divergence": 4.439831717265093,
    "Euclidean Dist.": 0.29712776286599646,
    "WER": 0.8222222222222222,
    "CER": 0.6345514950166113,
    "Cosine Dist.": 0.4586313139143675
  },
  "occ_eval_res": {
    "precision": 47.8261,
    "recall": 24.4444,
    "f-score": 32.3529
  },
  "clean_eval": {
    "f-score": 28.125,
    "precision": 21.428571428571427,
    "recall": 40.909090909090914,
    "tp": 9,
    "fp": 33,
    "fn": 13
  },
  "jaccard": [
    0.6740890688259109
  ],
  "braycurtis": [
    0.5096774193548387
  ],
  "dice": [
    0.5083969465648855
  ],
  "cosinus": [
    0.28704148893728443
  ]
}