{
  "voc_eval_res": {
    "precision": 58.6207,
    "recall": 7.7626,
    "f-score": 13.7097
  },
  "KL_res": {
    "KL divergence": 4.5488392957529555,
    "Euclidean Dist.": 0.5195567414253915,
    "WER": 0.9566968781470292,
    "CER": 0.9333169593515903,
    "Cosine Dist.": 0.7691654172938424
  },
  "occ_eval_res": {
    "precision": 72.1311,
    "recall": 4.431,
    "f-score": 8.3491
  },
  "clean_eval": {
    "f-score": 4.073714839961203,
    "precision": 2.1604938271604937,
    "recall": 35.59322033898305,
    "tp": 21,
    "fp": 951,
    "fn": 38
  },
  "jaccard": [
    0.7903629536921152
  ],
  "braycurtis": [
    0.8826096944635883
  ],
  "dice": [
    0.653388515261252
  ],
  "cosinus": [
    0.5922881624336453
  ]
}