{
  "voc_eval_res": {
    "precision": 43.587,
    "recall": 57.204,
    "f-score": 49.4756
  },
  "KL_res": {
    "KL divergence": 0.8704025964914407,
    "Euclidean Dist.": 0.0571882456513896,
    "WER": 0.8134785568413887,
    "CER": 0.6134441939120632,
    "Cosine Dist.": 0.15258410697295455
  },
  "occ_eval_res": {
    "precision": 49.0488,
    "recall": 64.9421,
    "f-score": 55.8875
  },
  "clean_eval": {
    "f-score": 39.333333333333336,
    "precision": 47.1057884231537,
    "recall": 33.76251788268956,
    "tp": 708,
    "fp": 795,
    "fn": 1389
  },
  "jaccard": [
    0.6441484300666033
  ],
  "braycurtis": [
    0.40511440107671604
  ],
  "dice": [
    0.4750877192982456
  ],
  "cosinus": [
    0.12367564619984539
  ]
}