{
  "voc_eval_res": {
    "precision": 25.0,
    "recall": 4.9383,
    "f-score": 8.2474
  },
  "KL_res": {
    "KL divergence": 4.051319859504436,
    "Euclidean Dist.": 0.9950594458885424,
    "WER": 1.2065217391304348,
    "CER": 0.8478581979320532,
    "Cosine Dist.": 0.06030853943368952
  },
  "occ_eval_res": {
    "precision": 18.0451,
    "recall": 26.087,
    "f-score": 21.3333
  },
  "clean_eval": {
    "f-score": 1.3544018058690745,
    "precision": 1.694915254237288,
    "recall": 1.1278195488721803,
    "tp": 3,
    "fp": 174,
    "fn": 263
  },
  "jaccard": [
    0.8387458006718925
  ],
  "braycurtis": [
    0.7532040749260598
  ],
  "dice": [
    0.7222757955641272
  ],
  "cosinus": [
    0.23029416771265054
  ]
}