{
  "voc_eval_res": {
    "precision": 35.539,
    "recall": 47.5036,
    "f-score": 40.6593
  },
  "KL_res": {
    "KL divergence": 1.0000690645130057,
    "Euclidean Dist.": 0.06972729309228004,
    "WER": 0.9720898570456092,
    "CER": 0.6767192784667418,
    "Cosine Dist.": 0.2162112438615853
  },
  "occ_eval_res": {
    "precision": 44.2155,
    "recall": 56.9775,
    "f-score": 49.7918
  },
  "clean_eval": {
    "f-score": 28.376372810923122,
    "precision": 31.80306054557552,
    "recall": 25.616291532690244,
    "tp": 478,
    "fp": 1025,
    "fn": 1388
  },
  "jaccard": [
    0.7383820998278829
  ],
  "braycurtis": [
    0.4710496824803885
  ],
  "dice": [
    0.5852660300136425
  ],
  "cosinus": [
    0.14560438724698088
  ]
}