{
  "voc_eval_res": {
    "precision": 24.1379,
    "recall": 25.9259,
    "f-score": 25.0
  },
  "KL_res": {
    "KL divergence": 4.842714599755341,
    "Euclidean Dist.": 0.24033423804367574,
    "WER": 1.1111111111111112,
    "CER": 0.6973684210526315,
    "Cosine Dist.": 0.5608371249089412
  },
  "occ_eval_res": {
    "precision": 21.2121,
    "recall": 25.9259,
    "f-score": 23.3333
  },
  "clean_eval": {
    "f-score": 21.818181818181817,
    "precision": 23.076923076923077,
    "recall": 20.689655172413794,
    "tp": 6,
    "fp": 20,
    "fn": 23
  },
  "jaccard": [
    0.7452229299363057
  ],
  "braycurtis": [
    0.6019184652278178
  ],
  "dice": [
    0.5939086294416244
  ],
  "cosinus": [
    0.42698906197858655
  ]
}