{
  "voc_eval_res": {
    "precision": 56.25,
    "recall": 3.3708,
    "f-score": 6.3604
  },
  "KL_res": {
    "KL divergence": 5.817557074724471,
    "Euclidean Dist.": 0.6192267566941613,
    "WER": 0.9541062801932367,
    "CER": 0.8737704918032787,
    "Cosine Dist.": 0.6611318543112696
  },
  "occ_eval_res": {
    "precision": 56.0976,
    "recall": 5.5556,
    "f-score": 10.1099
  },
  "clean_eval": {
    "f-score": 5.8690744920993225,
    "precision": 3.233830845771144,
    "recall": 31.70731707317073,
    "tp": 13,
    "fp": 389,
    "fn": 28
  },
  "jaccard": [
    0.8796902918403812
  ],
  "braycurtis": [
    0.8030216647662486
  ],
  "dice": [
    0.7852206273258905
  ],
  "cosinus": [
    0.6656125983950308
  ]
}