{
  "voc_eval_res": {
    "precision": 27.5862,
    "recall": 21.0526,
    "f-score": 23.8806
  },
  "KL_res": {
    "KL divergence": 5.0444526140146,
    "Euclidean Dist.": 0.23698331533247416,
    "WER": 0.9512195121951219,
    "CER": 0.6893939393939394,
    "Cosine Dist.": 0.6239178870267532
  },
  "occ_eval_res": {
    "precision": 24.2424,
    "recall": 19.5122,
    "f-score": 21.6216
  },
  "clean_eval": {
    "f-score": 20.8955223880597,
    "precision": 18.421052631578945,
    "recall": 24.137931034482758,
    "tp": 7,
    "fp": 31,
    "fn": 22
  },
  "jaccard": [
    0.7371428571428571
  ],
  "braycurtis": [
    0.5903083700440529
  ],
  "dice": [
    0.583710407239819
  ],
  "cosinus": [
    0.4104316524639574
  ]
}