{
  "voc_eval_res": {
    "precision": 60.8907,
    "recall": 71.7557,
    "f-score": 65.8782
  },
  "KL_res": {
    "KL divergence": 0.4600527779165014,
    "Euclidean Dist.": 0.03464105081674065,
    "WER": 0.43063457330415755,
    "CER": 0.3119492711850449,
    "Cosine Dist.": 0.06649636526004632
  },
  "occ_eval_res": {
    "precision": 68.3451,
    "recall": 80.7877,
    "f-score": 74.0473
  },
  "clean_eval": {
    "f-score": 60.75898264029068,
    "precision": 64.84274019819044,
    "recall": 57.15913406760349,
    "tp": 1505,
    "fp": 816,
    "fn": 1128
  },
  "jaccard": [
    0.5080058224163028
  ],
  "braycurtis": [
    0.24455936220642102
  ],
  "dice": [
    0.3404878048780488
  ],
  "cosinus": [
    0.04952234499889285
  ]
}