{
  "voc_eval_res": {
    "precision": 42.8571,
    "recall": 2.381,
    "f-score": 4.5113
  },
  "KL_res": {
    "KL divergence": 7.076570969190807,
    "Euclidean Dist.": 0.5265139950776901,
    "WER": 0.9789915966386554,
    "CER": 0.9381797366914711,
    "Cosine Dist.": 0.8652795488537751
  },
  "occ_eval_res": {
    "precision": 55.5556,
    "recall": 2.1008,
    "f-score": 4.0486
  },
  "clean_eval": {
    "f-score": 1.7241379310344824,
    "precision": 0.8928571428571428,
    "recall": 25.0,
    "tp": 2,
    "fp": 222,
    "fn": 6
  },
  "jaccard": [
    0.900562851782364
  ],
  "braycurtis": [
    0.8984416980118216
  ],
  "dice": [
    0.8191126279863481
  ],
  "cosinus": [
    0.570751628053503
  ]
}