{
  "voc_eval_res": {
    "precision": 39.1862,
    "recall": 82.219,
    "f-score": 53.0759
  },
  "KL_res": {
    "KL divergence": 0.1309573018839151,
    "Euclidean Dist.": 0.018518548909320736,
    "WER": 1.3042443188649753,
    "CER": 1.1159450584864083,
    "Cosine Dist.": 0.011452090310845708
  },
  "occ_eval_res": {
    "precision": 43.7073,
    "recall": 93.5001,
    "f-score": 59.5687
  },
  "clean_eval": {
    "f-score": 47.287320697739105,
    "precision": 73.16905218631646,
    "recall": 34.93125755814636,
    "tp": 29752,
    "fp": 10910,
    "fn": 55421
  },
  "jaccard": [
    0.7276539718145024
  ],
  "braycurtis": [
    0.3753942013895514
  ],
  "dice": [
    0.5718994327763299
  ],
  "cosinus": [
    0.012264313361216694
  ]
}