{
  "voc_eval_res": {
    "precision": 6.6667,
    "recall": 7.3684,
    "f-score": 7.0
  },
  "KL_res": {
    "KL divergence": 6.173535045855992,
    "Euclidean Dist.": 0.33537081260026547,
    "WER": 3.0816326530612246,
    "CER": 3.0326530612244897,
    "Cosine Dist.": 0.8400933182169801
  },
  "occ_eval_res": {
    "precision": 2.2727,
    "recall": 7.1429,
    "f-score": 3.4483
  },
  "clean_eval": {
    "f-score": 1.550387596899225,
    "precision": 3.0927835051546393,
    "recall": 1.0344827586206897,
    "tp": 3,
    "fp": 94,
    "fn": 287
  },
  "jaccard": [
    0.7588850174216027
  ],
  "braycurtis": [
    0.7849524358604785
  ],
  "dice": [
    0.6114542391914655
  ],
  "cosinus": [
    0.4923117748372019
  ]
}