{
  "voc_eval_res": {
    "precision": 30.0971,
    "recall": 49.2063,
    "f-score": 37.3494
  },
  "KL_res": {
    "KL divergence": 1.7926179527019113,
    "Euclidean Dist.": 0.38157138811461266,
    "WER": 2.556179775280899,
    "CER": 2.206818181818182,
    "Cosine Dist.": 0.11829523235478145
  },
  "occ_eval_res": {
    "precision": 21.5238,
    "recall": 63.4831,
    "f-score": 32.1479
  },
  "clean_eval": {
    "f-score": 13.333333333333336,
    "precision": 26.011560693641616,
    "recall": 8.964143426294822,
    "tp": 45,
    "fp": 128,
    "fn": 457
  },
  "jaccard": [
    0.6294754371357202
  ],
  "braycurtis": [
    0.5886162904808636
  ],
  "dice": [
    0.45929526123936815
  ],
  "cosinus": [
    0.20331092737882062
  ]
}