{
  "voc_eval_res": {
    "precision": 49.8789,
    "recall": 39.3881,
    "f-score": 44.0171
  },
  "KL_res": {
    "KL divergence": 0.9549826623234843,
    "Euclidean Dist.": 0.08287126388970872,
    "WER": 0.6625544267053701,
    "CER": 0.5317423753800793,
    "Cosine Dist.": 0.09797575344418452
  },
  "occ_eval_res": {
    "precision": 58.0916,
    "recall": 65.3846,
    "f-score": 61.5227
  },
  "clean_eval": {
    "f-score": 30.95491657791977,
    "precision": 32.905660377358494,
    "recall": 29.2225201072386,
    "tp": 436,
    "fp": 889,
    "fn": 1056
  },
  "jaccard": [
    0.4838909541511772
  ],
  "braycurtis": [
    0.19906183368869937
  ],
  "dice": [
    0.3191663261136085
  ],
  "cosinus": [
    0.058388191610653006
  ]
}