{
  "voc_eval_res": {
    "precision": 70.0,
    "recall": 10.0,
    "f-score": 17.5
  },
  "KL_res": {
    "KL divergence": 6.979826361435783,
    "Euclidean Dist.": 0.628484996452066,
    "WER": 0.9561128526645768,
    "CER": 0.9481148391560014,
    "Cosine Dist.": 0.6516554750675126
  },
  "occ_eval_res": {
    "precision": 78.9474,
    "recall": 4.7022,
    "f-score": 8.8757
  },
  "clean_eval": {
    "f-score": 6.748466257668712,
    "precision": 3.571428571428571,
    "recall": 61.111111111111114,
    "tp": 11,
    "fp": 297,
    "fn": 7
  },
  "jaccard": [
    0.8225806451612904
  ],
  "braycurtis": [
    0.9121311475409836
  ],
  "dice": [
    0.6986301369863014
  ],
  "cosinus": [
    0.46511499754663244
  ]
}