{
  "voc_eval_res": {
    "precision": 52.0806,
    "recall": 64.6807,
    "f-score": 57.7008
  },
  "KL_res": {
    "KL divergence": 0.25061603700771684,
    "Euclidean Dist.": 0.02916100222935791,
    "WER": 0.2676947321026565,
    "CER": 0.0900948789017841,
    "Cosine Dist.": 0.03403378965654358
  },
  "occ_eval_res": {
    "precision": 79.2148,
    "recall": 80.6236,
    "f-score": 79.913
  },
  "clean_eval": {
    "f-score": 70.4760829050658,
    "precision": 70.50873505548398,
    "recall": 70.44346098265896,
    "tp": 31198,
    "fp": 13049,
    "fn": 13090
  },
  "jaccard": [
    0.6140034105727756
  ],
  "braycurtis": [
    0.13409878423694818
  ],
  "dice": [
    0.44300499384815806
  ],
  "cosinus": [
    0.028442290294683037
  ]
}