{
  "voc_eval_res": {
    "precision": 82.6347,
    "recall": 45.3947,
    "f-score": 58.5987
  },
  "KL_res": {
    "KL divergence": 0.43842629780574305,
    "Euclidean Dist.": 0.06492207779536392,
    "WER": 0.49672591206735267,
    "CER": 0.45734733925891724,
    "Cosine Dist.": 0.006964473485778111
  },
  "occ_eval_res": {
    "precision": 93.5185,
    "recall": 56.6885,
    "f-score": 70.5882
  },
  "clean_eval": {
    "f-score": 36.21203097081597,
    "precision": 29.09090909090909,
    "recall": 47.94952681388013,
    "tp": 304,
    "fp": 741,
    "fn": 330
  },
  "jaccard": [
    0.39090909090909093
  ],
  "braycurtis": [
    0.24941460299439439
  ],
  "dice": [
    0.24293785310734464
  ],
  "cosinus": [
    0.006305082317695332
  ]
}