{
  "voc_eval_res": {
    "precision": 48.9305,
    "recall": 15.6947,
    "f-score": 23.7662
  },
  "KL_res": {
    "KL divergence": 3.50117859756491,
    "Euclidean Dist.": 0.16484609126050928,
    "WER": 0.8944704049844237,
    "CER": 0.680066307501036,
    "Cosine Dist.": 0.7642372343615185
  },
  "occ_eval_res": {
    "precision": 51.4593,
    "recall": 13.0452,
    "f-score": 20.8139
  },
  "clean_eval": {
    "f-score": 18.013062908215886,
    "precision": 11.526616805983283,
    "recall": 41.19496855345912,
    "tp": 262,
    "fp": 2011,
    "fn": 374
  },
  "jaccard": [
    0.7248265357928584
  ],
  "braycurtis": [
    0.4659734858331167
  ],
  "dice": [
    0.5684140676841407
  ],
  "cosinus": [
    0.19715721403883202
  ]
}