{
  "voc_eval_res": {
    "precision": 39.2857,
    "recall": 28.6957,
    "f-score": 33.1658
  },
  "KL_res": {
    "KL divergence": 2.3870114395616553,
    "Euclidean Dist.": 0.13162610893071372,
    "WER": 0.9166666666666666,
    "CER": 0.751412429378531,
    "Cosine Dist.": 0.1362528368204351
  },
  "occ_eval_res": {
    "precision": 42.4084,
    "recall": 45.0,
    "f-score": 43.6658
  },
  "clean_eval": {
    "f-score": 36.87150837988827,
    "precision": 38.59649122807017,
    "recall": 35.294117647058826,
    "tp": 66,
    "fp": 105,
    "fn": 121
  },
  "jaccard": [
    0.5939788445890968
  ],
  "braycurtis": [
    0.35069556777741834
  ],
  "dice": [
    0.4224537037037037
  ],
  "cosinus": [
    0.0880104672092521
  ]
}