{
  "voc_eval_res": {
    "precision": 49.5238,
    "recall": 24.8408,
    "f-score": 33.0859
  },
  "KL_res": {
    "KL divergence": 2.547402960614975,
    "Euclidean Dist.": 0.09393588971803621,
    "WER": 0.7783964365256125,
    "CER": 0.6034565530484878,
    "Cosine Dist.": 0.3219407845159159
  },
  "occ_eval_res": {
    "precision": 49.3124,
    "recall": 27.951,
    "f-score": 35.6787
  },
  "clean_eval": {
    "f-score": 25.641025641025646,
    "precision": 20.207852193995382,
    "recall": 35.07014028056113,
    "tp": 175,
    "fp": 691,
    "fn": 324
  },
  "jaccard": [
    0.602221555088562
  ],
  "braycurtis": [
    0.3743804062591117
  ],
  "dice": [
    0.43084192439862545
  ],
  "cosinus": [
    0.0814340853308223
  ]
}