{
  "voc_eval_res": {
    "precision": 61.0425,
    "recall": 71.2532,
    "f-score": 65.7538
  },
  "KL_res": {
    "KL divergence": 0.20900784084504542,
    "Euclidean Dist.": 0.03716745819734982,
    "WER": 0.19101071692535107,
    "CER": 0.05826529961587427,
    "Cosine Dist.": 0.06125986560544883
  },
  "occ_eval_res": {
    "precision": 83.4856,
    "recall": 85.3474,
    "f-score": 84.4062
  },
  "clean_eval": {
    "f-score": 76.57434257741163,
    "precision": 76.19423608369522,
    "recall": 76.9582605228283,
    "tp": 65620,
    "fp": 20502,
    "fn": 19647
  },
  "jaccard": [
    0.5949868073878628
  ],
  "braycurtis": [
    0.10916591508489336
  ],
  "dice": [
    0.42347417840375584
  ],
  "cosinus": [
    0.014847239937014534
  ]
}