{
  "voc_eval_res": {
    "precision": 76.1905,
    "recall": 52.0325,
    "f-score": 61.8357
  },
  "KL_res": {
    "KL divergence": 0.9936620092276636,
    "Euclidean Dist.": 0.0894232925787052,
    "WER": 0.4817813765182186,
    "CER": 0.4151123864179818,
    "Cosine Dist.": 0.06229306441408822
  },
  "occ_eval_res": {
    "precision": 81.1518,
    "recall": 62.753,
    "f-score": 70.7763
  },
  "clean_eval": {
    "f-score": 66.50943396226414,
    "precision": 59.49367088607595,
    "recall": 75.40106951871658,
    "tp": 141,
    "fp": 96,
    "fn": 46
  },
  "jaccard": [
    0.4134697357203751
  ],
  "braycurtis": [
    0.22003720435822482
  ],
  "dice": [
    0.2606125738850081
  ],
  "cosinus": [
    0.03979602187201969
  ]
}