{
  "voc_eval_res": {
    "precision": 70.0,
    "recall": 10.1449,
    "f-score": 17.7215
  },
  "KL_res": {
    "KL divergence": 6.34552433002301,
    "Euclidean Dist.": 0.5963571443349457,
    "WER": 0.9428571428571428,
    "CER": 0.9349240780911063,
    "Cosine Dist.": 0.5668953657489179
  },
  "occ_eval_res": {
    "precision": 78.9474,
    "recall": 6.1224,
    "f-score": 11.3636
  },
  "clean_eval": {
    "f-score": 9.523809523809524,
    "precision": 5.128205128205128,
    "recall": 66.66666666666666,
    "tp": 12,
    "fp": 222,
    "fn": 6
  },
  "jaccard": [
    0.8199697428139183
  ],
  "braycurtis": [
    0.8932196508323184
  ],
  "dice": [
    0.6948717948717948
  ],
  "cosinus": [
    0.37773534338153114
  ]
}