{
  "voc_eval_res": {
    "precision": 74.1086,
    "recall": 88.6412,
    "f-score": 80.7261
  },
  "KL_res": {
    "KL divergence": 0.06424673092114772,
    "Euclidean Dist.": 0.01600343682791125,
    "WER": 0.13957821402532877,
    "CER": 0.05672399529312622,
    "Cosine Dist.": 0.009029175276217716
  },
  "occ_eval_res": {
    "precision": 90.9532,
    "recall": 91.1349,
    "f-score": 91.044
  },
  "clean_eval": {
    "f-score": 81.79326821727216,
    "precision": 81.61319273053623,
    "recall": 81.974140116623,
    "tp": 29100,
    "fp": 6556,
    "fn": 6399
  },
  "jaccard": [
    0.319094184251158
  ],
  "braycurtis": [
    0.07780267101166749
  ],
  "dice": [
    0.18983466013472136
  ],
  "cosinus": [
    0.008182206527955982
  ]
}