{
  "voc_eval_res": {
    "precision": 53.6585,
    "recall": 6.962,
    "f-score": 12.3249
  },
  "KL_res": {
    "KL divergence": 3.6571282772238343,
    "Euclidean Dist.": 0.38207672654888336,
    "WER": 0.8442437923250564,
    "CER": 0.6874103814166905,
    "Cosine Dist.": 0.13158108091256748
  },
  "occ_eval_res": {
    "precision": 63.8298,
    "recall": 20.316,
    "f-score": 30.8219
  },
  "clean_eval": {
    "f-score": 19.031141868512112,
    "precision": 12.557077625570775,
    "recall": 39.285714285714285,
    "tp": 55,
    "fp": 383,
    "fn": 85
  },
  "jaccard": [
    0.7881263616557734
  ],
  "braycurtis": [
    0.4647545950313068
  ],
  "dice": [
    0.6503370786516854
  ],
  "cosinus": [
    0.11370452090315508
  ]
}