{
  "voc_eval_res": {
    "precision": 54.641,
    "recall": 21.2245,
    "f-score": 30.5732
  },
  "KL_res": {
    "KL divergence": 2.168134556547515,
    "Euclidean Dist.": 0.1492691184521964,
    "WER": 0.7486888111888111,
    "CER": 0.560891364902507,
    "Cosine Dist.": 0.18027151072112946
  },
  "occ_eval_res": {
    "precision": 52.4236,
    "recall": 30.7255,
    "f-score": 38.7435
  },
  "clean_eval": {
    "f-score": 29.355677549841086,
    "precision": 23.55122855818266,
    "recall": 38.95705521472393,
    "tp": 508,
    "fp": 1649,
    "fn": 796
  },
  "jaccard": [
    0.3392857142857143
  ],
  "braycurtis": [
    0.19134210440403512
  ],
  "dice": [
    0.20430107526881722
  ],
  "cosinus": [
    0.014728270062486781
  ]
}