{
  "voc_eval_res": {
    "precision": 38.6447,
    "recall": 34.4771,
    "f-score": 36.4421
  },
  "KL_res": {
    "KL divergence": 2.0195662272672976,
    "Euclidean Dist.": 0.06068948069573314,
    "WER": 0.7535135135135135,
    "CER": 0.5661800486618005,
    "Cosine Dist.": 0.28373062907734203
  },
  "occ_eval_res": {
    "precision": 43.8406,
    "recall": 39.2432,
    "f-score": 41.4147
  },
  "clean_eval": {
    "f-score": 31.428571428571427,
    "precision": 29.96594778660613,
    "recall": 33.04130162703379,
    "tp": 264,
    "fp": 617,
    "fn": 535
  },
  "jaccard": [
    0.4784546805349183
  ],
  "braycurtis": [
    0.20740922774467038
  ],
  "dice": [
    0.314453125
  ],
  "cosinus": [
    0.035871941820613706
  ]
}