{
  "voc_eval_res": {
    "precision": 50.0,
    "recall": 27.2727,
    "f-score": 35.2941
  },
  "KL_res": {
    "KL divergence": 4.11709132185051,
    "Euclidean Dist.": 0.2871984138176045,
    "WER": 0.8,
    "CER": 0.6214953271028038,
    "Cosine Dist.": 0.42611435865258895
  },
  "occ_eval_res": {
    "precision": 43.4783,
    "recall": 28.5714,
    "f-score": 34.4828
  },
  "clean_eval": {
    "f-score": 29.09090909090909,
    "precision": 24.242424242424242,
    "recall": 36.36363636363637,
    "tp": 8,
    "fp": 25,
    "fn": 14
  },
  "jaccard": [
    0.6545012165450121
  ],
  "braycurtis": [
    0.5
  ],
  "dice": [
    0.4864376130198915
  ],
  "cosinus": [
    0.3445744214459032
  ]
}