{
  "voc_eval_res": {
    "precision": 72.4822,
    "recall": 88.9836,
    "f-score": 79.8897
  },
  "KL_res": {
    "KL divergence": 0.03704885329563416,
    "Euclidean Dist.": 0.008697568821428844,
    "WER": 0.0925477384104095,
    "CER": 0.038615829017649365,
    "Cosine Dist.": 0.002732569651351713
  },
  "occ_eval_res": {
    "precision": 92.4495,
    "recall": 95.0393,
    "f-score": 93.7265
  },
  "clean_eval": {
    "f-score": 86.57063846032086,
    "precision": 87.36211076240768,
    "recall": 85.7933783634149,
    "tp": 46488,
    "fp": 6725,
    "fn": 7698
  },
  "jaccard": [
    0.3334414531300681
  ],
  "braycurtis": [
    0.06202998231102942
  ],
  "dice": [
    0.20007785130400935
  ],
  "cosinus": [
    0.003524091905805382
  ]
}