{
  "voc_eval_res": {
    "precision": 81.8182,
    "recall": 52.9412,
    "f-score": 64.2857
  },
  "KL_res": {
    "KL divergence": 2.557360272669519,
    "Euclidean Dist.": 0.2728415696093283,
    "WER": 0.6470588235294118,
    "CER": 0.6533333333333333,
    "Cosine Dist.": 0.23076923076923062
  },
  "occ_eval_res": {
    "precision": 75.0,
    "recall": 52.9412,
    "f-score": 62.069
  },
  "clean_eval": {
    "f-score": 50.0,
    "precision": 43.75,
    "recall": 58.333333333333336,
    "tp": 7,
    "fp": 9,
    "fn": 5
  },
  "jaccard": [
    0.6040816326530613
  ],
  "braycurtis": [
    0.4581497797356828
  ],
  "dice": [
    0.4327485380116959
  ],
  "cosinus": [
    0.2720373704129583
  ]
}