{
  "voc_eval_res": {
    "precision": 68.7073,
    "recall": 91.6188,
    "f-score": 78.5259
  },
  "KL_res": {
    "KL divergence": 0.0286024597287972,
    "Euclidean Dist.": 0.008943963613085262,
    "WER": 0.09936348786120655,
    "CER": 0.040366728477604,
    "Cosine Dist.": 0.0020341993200244657
  },
  "occ_eval_res": {
    "precision": 91.9368,
    "recall": 94.4329,
    "f-score": 93.1681
  },
  "clean_eval": {
    "f-score": 85.88838162675859,
    "precision": 86.61793170841712,
    "recall": 85.17101834913244,
    "tp": 46092,
    "fp": 7121,
    "fn": 8025
  },
  "jaccard": [
    0.5070048821906177
  ],
  "braycurtis": [
    0.06661450902251569
  ],
  "dice": [
    0.33958910926281366
  ],
  "cosinus": [
    0.005176746141906552
  ]
}