{
  "voc_eval_res": {
    "precision": 82.0359,
    "recall": 54.5817,
    "f-score": 65.5502
  },
  "KL_res": {
    "KL divergence": 0.41733914621302337,
    "Euclidean Dist.": 0.0580409954174962,
    "WER": 0.4851024208566108,
    "CER": 0.4525497370226389,
    "Cosine Dist.": 0.006881288722461076
  },
  "occ_eval_res": {
    "precision": 93.2099,
    "recall": 56.2384,
    "f-score": 70.151
  },
  "clean_eval": {
    "f-score": 37.129300118623966,
    "precision": 29.75285171102662,
    "recall": 49.369085173501574,
    "tp": 313,
    "fp": 739,
    "fn": 321
  },
  "jaccard": [
    0.32387975042541123
  ],
  "braycurtis": [
    0.2558910681529561
  ],
  "dice": [
    0.19323181049069374
  ],
  "cosinus": [
    0.007844529205240036
  ]
}