{
  "voc_eval_res": {
    "precision": 47.3262,
    "recall": 14.4137,
    "f-score": 22.0974
  },
  "KL_res": {
    "KL divergence": 3.5303762904553815,
    "Euclidean Dist.": 0.1651901684804613,
    "WER": 0.902276295133438,
    "CER": 0.7071583514099783,
    "Cosine Dist.": 0.776138983923824
  },
  "occ_eval_res": {
    "precision": 46.2366,
    "recall": 11.8132,
    "f-score": 18.8184
  },
  "clean_eval": {
    "f-score": 14.976174268209666,
    "precision": 9.556907037358817,
    "recall": 34.59119496855346,
    "tp": 220,
    "fp": 2082,
    "fn": 416
  },
  "jaccard": [
    0.7179829687760895
  ],
  "braycurtis": [
    0.4987606318347509
  ],
  "dice": [
    0.5600416775201875
  ],
  "cosinus": [
    0.19585572463193945
  ]
}