{
  "voc_eval_res": {
    "precision": 36.8932,
    "recall": 46.9136,
    "f-score": 41.3043
  },
  "KL_res": {
    "KL divergence": 1.330445251435065,
    "Euclidean Dist.": 0.3504150401679822,
    "WER": 2.4184782608695654,
    "CER": 2.0782865583456425,
    "Cosine Dist.": 0.05132945337456807
  },
  "occ_eval_res": {
    "precision": 23.619,
    "recall": 67.3913,
    "f-score": 34.9788
  },
  "clean_eval": {
    "f-score": 18.262150220913107,
    "precision": 35.02824858757062,
    "recall": 12.350597609561753,
    "tp": 62,
    "fp": 115,
    "fn": 440
  },
  "jaccard": [
    0.5864541832669322
  ],
  "braycurtis": [
    0.5438048780487805
  ],
  "dice": [
    0.41488162344983087
  ],
  "cosinus": [
    0.10149497251052397
  ]
}