{
  "voc_eval_res": {
    "precision": 28.7632,
    "recall": 45.135,
    "f-score": 35.1355
  },
  "KL_res": {
    "KL divergence": 0.5620501281666277,
    "Euclidean Dist.": 0.04799807324398943,
    "WER": 0.563255590587351,
    "CER": 0.19733302366989877,
    "Cosine Dist.": 0.0919519973685119
  },
  "occ_eval_res": {
    "precision": 57.3337,
    "recall": 64.9844,
    "f-score": 60.9198
  },
  "clean_eval": {
    "f-score": 45.68962253435808,
    "precision": 49.17184475909137,
    "recall": 42.66798663531741,
    "tp": 24136,
    "fp": 24949,
    "fn": 32431
  },
  "jaccard": [
    0.78173311635476
  ],
  "braycurtis": [
    0.3568279996473596
  ],
  "dice": [
    0.6416764067457005
  ],
  "cosinus": [
    0.03406842979566216
  ]
}