{
  "voc_eval_res": {
    "precision": 69.9102,
    "recall": 85.0035,
    "f-score": 76.7216
  },
  "KL_res": {
    "KL divergence": 0.07862140113076324,
    "Euclidean Dist.": 0.013498603123540757,
    "WER": 0.1547420777817789,
    "CER": 0.04665929360674533,
    "Cosine Dist.": 0.007413253971219724
  },
  "occ_eval_res": {
    "precision": 86.8318,
    "recall": 92.5988,
    "f-score": 89.6226
  },
  "clean_eval": {
    "f-score": 78.17589576547232,
    "precision": 79.91120976692564,
    "recall": 76.51434643995749,
    "tp": 69840,
    "fp": 17557,
    "fn": 21437
  },
  "jaccard": [
    0.6157953721405498
  ],
  "braycurtis": [
    0.1016758798874221
  ],
  "dice": [
    0.4448730771062533
  ],
  "cosinus": [
    0.012685232466444485
  ]
}