{
  "voc_eval_res": {
    "precision": 42.8571,
    "recall": 1.7751,
    "f-score": 3.4091
  },
  "KL_res": {
    "KL divergence": 6.717858417758103,
    "Euclidean Dist.": 0.5189252143352923,
    "WER": 0.984251968503937,
    "CER": 0.9454261954261954,
    "Cosine Dist.": 0.85806156212456
  },
  "occ_eval_res": {
    "precision": 55.5556,
    "recall": 1.9685,
    "f-score": 3.8023
  },
  "clean_eval": {
    "f-score": 2.4691358024691357,
    "precision": 1.276595744680851,
    "recall": 37.5,
    "tp": 3,
    "fp": 232,
    "fn": 5
  },
  "jaccard": [
    0.9216867469879518
  ],
  "braycurtis": [
    0.9090024330900244
  ],
  "dice": [
    0.8547486033519553
  ],
  "cosinus": [
    0.5746933962987962
  ]
}