{
  "voc_eval_res": {
    "precision": 68.9655,
    "recall": 7.874,
    "f-score": 14.1343
  },
  "KL_res": {
    "KL divergence": 4.511101882434181,
    "Euclidean Dist.": 0.515433832223678,
    "WER": 0.9539473684210527,
    "CER": 0.9366913123844732,
    "Cosine Dist.": 0.7701475594813738
  },
  "occ_eval_res": {
    "precision": 81.9672,
    "recall": 4.6992,
    "f-score": 8.8889
  },
  "clean_eval": {
    "f-score": 4.359673024523161,
    "precision": 2.3032629558541267,
    "recall": 40.67796610169492,
    "tp": 24,
    "fp": 1018,
    "fn": 35
  },
  "jaccard": [
    0.7926322043969103
  ],
  "braycurtis": [
    0.8854539537910836
  ],
  "dice": [
    0.656496062992126
  ],
  "cosinus": [
    0.5903587361549909
  ]
}