{
  "voc_eval_res": {
    "precision": 76.738,
    "recall": 57.6305,
    "f-score": 65.8257
  },
  "KL_res": {
    "KL divergence": 0.8391501336645434,
    "Euclidean Dist.": 0.0465526171448888,
    "WER": 0.42370744010088274,
    "CER": 0.3226832222895215,
    "Cosine Dist.": 0.04245214060826852
  },
  "occ_eval_res": {
    "precision": 80.4916,
    "recall": 66.0782,
    "f-score": 72.5762
  },
  "clean_eval": {
    "f-score": 66.42857142857143,
    "precision": 60.86387434554974,
    "recall": 73.11320754716981,
    "tp": 465,
    "fp": 299,
    "fn": 171
  },
  "jaccard": [
    0.3465140478668054
  ],
  "braycurtis": [
    0.1276984126984127
  ],
  "dice": [
    0.20956576463184393
  ],
  "cosinus": [
    0.011568383650969682
  ]
}