{
  "voc_eval_res": {
    "precision": 27.2727,
    "recall": 8.1081,
    "f-score": 12.5
  },
  "KL_res": {
    "KL divergence": 6.071709395293865,
    "Euclidean Dist.": 0.33029868637677356,
    "WER": 0.925,
    "CER": 0.8051948051948052,
    "Cosine Dist.": 0.5342219922083344
  },
  "occ_eval_res": {
    "precision": 33.3333,
    "recall": 10.0,
    "f-score": 15.3846
  },
  "clean_eval": {
    "f-score": 16.666666666666664,
    "precision": 11.11111111111111,
    "recall": 33.33333333333333,
    "tp": 4,
    "fp": 32,
    "fn": 8
  },
  "jaccard": [
    0.8394160583941606
  ],
  "braycurtis": [
    0.7006172839506173
  ],
  "dice": [
    0.7232704402515723
  ],
  "cosinus": [
    0.41104686125349876
  ]
}