{
  "voc_eval_res": {
    "precision": 17.4825,
    "recall": 11.9617,
    "f-score": 14.2045
  },
  "KL_res": {
    "KL divergence": 3.6090472871097634,
    "Euclidean Dist.": 0.19105285813539208,
    "WER": 0.889967637540453,
    "CER": 0.6782729805013927,
    "Cosine Dist.": 0.20297826802649865
  },
  "occ_eval_res": {
    "precision": 27.7108,
    "recall": 22.3301,
    "f-score": 24.7312
  },
  "clean_eval": {
    "f-score": 3.0476190476190474,
    "precision": 2.797202797202797,
    "recall": 3.3472803347280333,
    "tp": 8,
    "fp": 278,
    "fn": 231
  },
  "jaccard": [
    0.7629834254143646
  ],
  "braycurtis": [
    0.4460575719649562
  ],
  "dice": [
    0.6167932112550245
  ],
  "cosinus": [
    0.15755066043781352
  ]
}