{
  "voc_eval_res": {
    "precision": 69.5386,
    "recall": 87.217,
    "f-score": 77.381
  },
  "KL_res": {
    "KL divergence": 0.033327747465614364,
    "Euclidean Dist.": 0.011009661560405254,
    "WER": 0.19991137062718314,
    "CER": 0.1238921849548789,
    "Cosine Dist.": 0.0036020136735185337
  },
  "occ_eval_res": {
    "precision": 90.424,
    "recall": 84.3921,
    "f-score": 87.304
  },
  "clean_eval": {
    "f-score": 76.26980902072327,
    "precision": 74.34055923745149,
    "recall": 78.30186055566371,
    "tp": 56310,
    "fp": 19436,
    "fn": 15604
  },
  "jaccard": [
    0.5895444775705471
  ],
  "braycurtis": [
    0.12204227350104029
  ],
  "dice": [
    0.4179816152976454
  ],
  "cosinus": [
    0.006223100219063027
  ]
}