{
  "voc_eval_res": {
    "precision": 71.9807,
    "recall": 17.7381,
    "f-score": 28.4623
  },
  "KL_res": {
    "KL divergence": 1.5726654238765236,
    "Euclidean Dist.": 0.13901595382137447,
    "WER": 0.6218181818181818,
    "CER": 0.4415333487904784,
    "Cosine Dist.": 0.050740246842900905
  },
  "occ_eval_res": {
    "precision": 80.9198,
    "recall": 42.961,
    "f-score": 56.1249
  },
  "clean_eval": {
    "f-score": 21.455085374907203,
    "precision": 17.100591715976332,
    "recall": 28.784860557768926,
    "tp": 289,
    "fp": 1401,
    "fn": 715
  },
  "jaccard": [
    0.525
  ],
  "braycurtis": [
    0.18342415187203376
  ],
  "dice": [
    0.3559322033898305
  ],
  "cosinus": [
    0.012917186184287943
  ]
}