{
  "voc_eval_res": {
    "precision": 62.5,
    "recall": 23.8095,
    "f-score": 34.4828
  },
  "KL_res": {
    "KL divergence": 3.8493551872220766,
    "Euclidean Dist.": 0.2356691819299414,
    "WER": 0.8739495798319328,
    "CER": 0.7590154550658271,
    "Cosine Dist.": 0.3682155613661243
  },
  "occ_eval_res": {
    "precision": 57.9545,
    "recall": 21.4286,
    "f-score": 31.2883
  },
  "clean_eval": {
    "f-score": 22.875816993464056,
    "precision": 15.625,
    "recall": 42.68292682926829,
    "tp": 35,
    "fp": 189,
    "fn": 47
  },
  "jaccard": [
    0.6123348017621145
  ],
  "braycurtis": [
    0.5593429158110883
  ],
  "dice": [
    0.44126984126984126
  ],
  "cosinus": [
    0.22694788321175086
  ]
}