{
  "voc_eval_res": {
    "precision": 71.412,
    "recall": 91.3924,
    "f-score": 80.1761
  },
  "KL_res": {
    "KL divergence": 0.050902529680568485,
    "Euclidean Dist.": 0.01939910805922584,
    "WER": 0.12496623142728501,
    "CER": 0.05000864836588072,
    "Cosine Dist.": 0.013576081613152602
  },
  "occ_eval_res": {
    "precision": 89.3112,
    "recall": 94.2774,
    "f-score": 91.7271
  },
  "clean_eval": {
    "f-score": 84.16076166351854,
    "precision": 87.1042104549461,
    "recall": 81.40974187824764,
    "tp": 38541,
    "fp": 5706,
    "fn": 8801
  },
  "jaccard": [
    0.5199556541019955
  ],
  "braycurtis": [
    0.07205870535408039
  ],
  "dice": [
    0.351310861423221
  ],
  "cosinus": [
    0.006636019250767289
  ]
}