{
  "voc_eval_res": {
    "precision": 74.9206,
    "recall": 55.2693,
    "f-score": 63.6119
  },
  "KL_res": {
    "KL divergence": 1.2440428270425528,
    "Euclidean Dist.": 0.0913219889325275,
    "WER": 0.5367762128325508,
    "CER": 0.39244310863031345,
    "Cosine Dist.": 0.2566097080872176
  },
  "occ_eval_res": {
    "precision": 73.4774,
    "recall": 58.529,
    "f-score": 65.1568
  },
  "clean_eval": {
    "f-score": 55.4280670785525,
    "precision": 49.52681388012618,
    "recall": 62.925851703406806,
    "tp": 314,
    "fp": 320,
    "fn": 185
  },
  "jaccard": [
    0.4242535938075931
  ],
  "braycurtis": [
    0.1866343490304709
  ],
  "dice": [
    0.26923976608187133
  ],
  "cosinus": [
    0.037468122830719874
  ]
}