{
  "voc_eval_res": {
    "precision": 35.9223,
    "recall": 53.6232,
    "f-score": 43.0233
  },
  "KL_res": {
    "KL divergence": 1.1506664492412573,
    "Euclidean Dist.": 0.3152759141760899,
    "WER": 2.5680473372781063,
    "CER": 2.260869565217391,
    "Cosine Dist.": 0.045138080406626147
  },
  "occ_eval_res": {
    "precision": 23.619,
    "recall": 73.3728,
    "f-score": 35.7349
  },
  "clean_eval": {
    "f-score": 18.94736842105263,
    "precision": 38.65030674846626,
    "recall": 12.549800796812749,
    "tp": 63,
    "fp": 100,
    "fn": 439
  },
  "jaccard": [
    0.5822890559732665
  ],
  "braycurtis": [
    0.5545400357639578
  ],
  "dice": [
    0.41072480848556275
  ],
  "cosinus": [
    0.08799527793716733
  ]
}