{
  "voc_eval_res": {
    "precision": 38.4615,
    "recall": 37.037,
    "f-score": 37.7358
  },
  "KL_res": {
    "KL divergence": 3.952370609781301,
    "Euclidean Dist.": 0.22979844389832127,
    "WER": 0.8235294117647058,
    "CER": 0.6819787985865724,
    "Cosine Dist.": 0.44671666482751204
  },
  "occ_eval_res": {
    "precision": 40.7407,
    "recall": 32.3529,
    "f-score": 36.0656
  },
  "clean_eval": {
    "f-score": 37.28813559322034,
    "precision": 33.33333333333333,
    "recall": 42.30769230769231,
    "tp": 11,
    "fp": 22,
    "fn": 15
  },
  "jaccard": [
    0.6578411405295316
  ],
  "braycurtis": [
    0.5138339920948617
  ],
  "dice": [
    0.49013657056145676
  ],
  "cosinus": [
    0.34340716520641945
  ]
}