{
  "voc_eval_res": {
    "precision": 48.1283,
    "recall": 12.0563,
    "f-score": 19.2823
  },
  "KL_res": {
    "KL divergence": 3.512379780712352,
    "Euclidean Dist.": 0.15587914705354075,
    "WER": 0.9075953797689884,
    "CER": 0.724375422012154,
    "Cosine Dist.": 0.7660757629517788
  },
  "occ_eval_res": {
    "precision": 47.3118,
    "recall": 10.7805,
    "f-score": 17.5599
  },
  "clean_eval": {
    "f-score": 14.276768941765807,
    "precision": 8.913213448006255,
    "recall": 35.84905660377358,
    "tp": 228,
    "fp": 2330,
    "fn": 408
  },
  "jaccard": [
    0.7428964252978918
  ],
  "braycurtis": [
    0.5253943649129206
  ],
  "dice": [
    0.5909588042289464
  ],
  "cosinus": [
    0.198109020033576
  ]
}