{
  "voc_eval_res": {
    "precision": 71.2624,
    "recall": 84.0725,
    "f-score": 77.1392
  },
  "KL_res": {
    "KL divergence": 0.03593980411871369,
    "Euclidean Dist.": 0.010058128981073585,
    "WER": 0.20459048016266096,
    "CER": 0.12814866776843784,
    "Cosine Dist.": 0.003684165471185219
  },
  "occ_eval_res": {
    "precision": 90.8499,
    "recall": 84.7896,
    "f-score": 87.7152
  },
  "clean_eval": {
    "f-score": 75.72125152377083,
    "precision": 73.80587753808781,
    "recall": 77.73868787718663,
    "tp": 55905,
    "fp": 19841,
    "fn": 16009
  },
  "jaccard": [
    0.5845164936074027
  ],
  "braycurtis": [
    0.12233224493658906
  ],
  "dice": [
    0.4129447577224412
  ],
  "cosinus": [
    0.006260679401014713
  ]
}