{
  "voc_eval_res": {
    "precision": 78.3422,
    "recall": 59.3117,
    "f-score": 67.5115
  },
  "KL_res": {
    "KL divergence": 0.833284984653648,
    "Euclidean Dist.": 0.045251563546195105,
    "WER": 0.4019975031210986,
    "CER": 0.2901577761081893,
    "Cosine Dist.": 0.041823869344476794
  },
  "occ_eval_res": {
    "precision": 82.4885,
    "recall": 67.0412,
    "f-score": 73.9669
  },
  "clean_eval": {
    "f-score": 67.84953867991483,
    "precision": 61.83699870633894,
    "recall": 75.15723270440252,
    "tp": 478,
    "fp": 295,
    "fn": 158
  },
  "jaccard": [
    0.3368421052631579
  ],
  "braycurtis": [
    0.12389240506329113
  ],
  "dice": [
    0.20253164556962025
  ],
  "cosinus": [
    0.010634789911944664
  ]
}