{
  "voc_eval_res": {
    "precision": 25.0,
    "recall": 6.3492,
    "f-score": 10.1266
  },
  "KL_res": {
    "KL divergence": 4.405727994040295,
    "Euclidean Dist.": 1.0100572443632554,
    "WER": 1.2584269662921348,
    "CER": 0.8901515151515151,
    "Cosine Dist.": 0.13317262222096204
  },
  "occ_eval_res": {
    "precision": 17.2932,
    "recall": 25.8427,
    "f-score": 20.7207
  },
  "clean_eval": {
    "f-score": 1.3667425968109337,
    "precision": 1.7341040462427744,
    "recall": 1.1278195488721803,
    "tp": 3,
    "fp": 170,
    "fn": 263
  },
  "jaccard": [
    0.8210116731517509
  ],
  "braycurtis": [
    0.7633587786259542
  ],
  "dice": [
    0.6963696369636964
  ],
  "cosinus": [
    0.31937855010122407
  ]
}