{
  "voc_eval_res": {
    "precision": 88.6228,
    "recall": 58.2677,
    "f-score": 70.3088
  },
  "KL_res": {
    "KL divergence": 0.3165233398693933,
    "Euclidean Dist.": 0.05297115009931698,
    "WER": 0.45770676691729323,
    "CER": 0.43819316081330867,
    "Cosine Dist.": 0.005615083816911337
  },
  "occ_eval_res": {
    "precision": 95.9877,
    "recall": 58.4586,
    "f-score": 72.6636
  },
  "clean_eval": {
    "f-score": 41.40811455847256,
    "precision": 33.301343570057576,
    "recall": 54.73186119873817,
    "tp": 347,
    "fp": 695,
    "fn": 287
  },
  "jaccard": [
    0.30297823596792667
  ],
  "braycurtis": [
    0.24660938720443087
  ],
  "dice": [
    0.17853526830914612
  ],
  "cosinus": [
    0.006329460825092781
  ]
}