{
  "voc_eval_res": {
    "precision": 52.0521,
    "recall": 68.5017,
    "f-score": 59.1546
  },
  "KL_res": {
    "KL divergence": 0.3336472316503792,
    "Euclidean Dist.": 0.0485496892104921,
    "WER": 0.4039897891651697,
    "CER": 0.18150296305636113,
    "Cosine Dist.": 0.09493369723965095
  },
  "occ_eval_res": {
    "precision": 68.9829,
    "recall": 83.9085,
    "f-score": 75.7172
  },
  "clean_eval": {
    "f-score": 67.4052679225762,
    "precision": 74.67405320215865,
    "recall": 61.42604596346494,
    "tp": 15636,
    "fp": 5303,
    "fn": 9819
  },
  "jaccard": [
    0.6629523715609901
  ],
  "braycurtis": [
    0.1653
  ],
  "dice": [
    0.4958330260343683
  ],
  "cosinus": [
    0.0320587666490848
  ]
}