{
  "voc_eval_res": {
    "precision": 25.0,
    "recall": 5.7971,
    "f-score": 9.4118
  },
  "KL_res": {
    "KL divergence": 3.854600751208853,
    "Euclidean Dist.": 0.9585297566539123,
    "WER": 1.3076923076923077,
    "CER": 0.8980237154150198,
    "Cosine Dist.": 0.054995952507208234
  },
  "occ_eval_res": {
    "precision": 18.4211,
    "recall": 28.9941,
    "f-score": 22.5287
  },
  "clean_eval": {
    "f-score": 1.3986013986013985,
    "precision": 1.8404907975460123,
    "recall": 1.1278195488721803,
    "tp": 3,
    "fp": 160,
    "fn": 263
  },
  "jaccard": [
    0.8321167883211679
  ],
  "braycurtis": [
    0.7451711284310403
  ],
  "dice": [
    0.7125
  ],
  "cosinus": [
    0.20856971004572167
  ]
}