{
  "voc_eval_res": {
    "precision": 58.6207,
    "recall": 8.2524,
    "f-score": 14.4681
  },
  "KL_res": {
    "KL divergence": 5.098796226727568,
    "Euclidean Dist.": 0.36792839381132997,
    "WER": 0.8463302752293578,
    "CER": 0.700889547813195,
    "Cosine Dist.": 0.6319067582132194
  },
  "occ_eval_res": {
    "precision": 62.963,
    "recall": 15.5963,
    "f-score": 25.0
  },
  "clean_eval": {
    "f-score": 26.277372262773724,
    "precision": 17.419354838709676,
    "recall": 53.46534653465347,
    "tp": 54,
    "fp": 256,
    "fn": 47
  },
  "jaccard": [
    0.5846153846153846
  ],
  "braycurtis": [
    0.4931362196409715
  ],
  "dice": [
    0.41304347826086957
  ],
  "cosinus": [
    0.07487920486715838
  ]
}