{
  "voc_eval_res": {
    "precision": 49.7487,
    "recall": 10.0,
    "f-score": 16.6526
  },
  "KL_res": {
    "KL divergence": 3.160264649807229,
    "Euclidean Dist.": 0.16494060327088275,
    "WER": 0.9160702667534157,
    "CER": 0.7347356359469635,
    "Cosine Dist.": 0.43774109217380186
  },
  "occ_eval_res": {
    "precision": 42.6087,
    "recall": 19.1282,
    "f-score": 26.4032
  },
  "clean_eval": {
    "f-score": 7.639208467556374,
    "precision": 5.56673373574782,
    "recall": 12.17008797653959,
    "tp": 83,
    "fp": 1408,
    "fn": 599
  },
  "jaccard": [
    0.41509433962264153
  ],
  "braycurtis": [
    0.34145027475487555
  ],
  "dice": [
    0.2619047619047619
  ],
  "cosinus": [
    0.01898004635456385
  ]
}