{
  "voc_eval_res": {
    "precision": 80.3571,
    "recall": 7.1828,
    "f-score": 13.1868
  },
  "KL_res": {
    "KL divergence": 5.737380972695594,
    "Euclidean Dist.": 0.31866269715150136,
    "WER": 0.9461201340551688,
    "CER": 0.9153356197942185,
    "Cosine Dist.": 0.9257699890744902
  },
  "occ_eval_res": {
    "precision": 83.6431,
    "recall": 5.8005,
    "f-score": 10.8486
  },
  "clean_eval": {
    "f-score": 4.451038575667656,
    "precision": 2.381582429214078,
    "recall": 33.9622641509434,
    "tp": 90,
    "fp": 3689,
    "fn": 175
  },
  "jaccard": [
    0.7564539698002922
  ],
  "braycurtis": [
    0.8408988764044943
  ],
  "dice": [
    0.6083039561300431
  ],
  "cosinus": [
    0.6049214552342705
  ]
}