{
  "voc_eval_res": {
    "precision": 6.6667,
    "recall": 20.5882,
    "f-score": 10.0719
  },
  "KL_res": {
    "KL divergence": 4.951184147473362,
    "Euclidean Dist.": 0.3248812878865862,
    "WER": 8.305555555555555,
    "CER": 9.166051660516604,
    "Cosine Dist.": 0.5230370243287205
  },
  "occ_eval_res": {
    "precision": 2.9221,
    "recall": 25.0,
    "f-score": 5.2326
  },
  "clean_eval": {
    "f-score": 1.2345679012345678,
    "precision": 5.88235294117647,
    "recall": 0.6896551724137931,
    "tp": 2,
    "fp": 32,
    "fn": 288
  },
  "jaccard": [
    0.799249530956848
  ],
  "braycurtis": [
    0.8691744340878829
  ],
  "dice": [
    0.665625
  ],
  "cosinus": [
    0.2973704794869211
  ]
}