{
  "voc_eval_res": {
    "precision": 51.211,
    "recall": 66.3257,
    "f-score": 57.7965
  },
  "KL_res": {
    "KL divergence": 0.23405262133112037,
    "Euclidean Dist.": 0.03187848398880838,
    "WER": 0.24457495697226708,
    "CER": 0.0933697795422022,
    "Cosine Dist.": 0.03188153412494832
  },
  "occ_eval_res": {
    "precision": 80.8552,
    "recall": 81.0288,
    "f-score": 80.9419
  },
  "clean_eval": {
    "f-score": 73.49696891047626,
    "precision": 73.04737162124813,
    "recall": 73.95213490272155,
    "tp": 39645,
    "fp": 14628,
    "fn": 13964
  },
  "jaccard": [
    0.6186951754385965
  ],
  "braycurtis": [
    0.1316247957321532
  ],
  "dice": [
    0.447906330621155
  ],
  "cosinus": [
    0.016732660769746777
  ]
}