{
  "voc_eval_res": {
    "precision": 86.1544,
    "recall": 95.5167,
    "f-score": 90.5943
  },
  "KL_res": {
    "KL divergence": 0.01560488499580473,
    "Euclidean Dist.": 0.005714774823503612,
    "WER": 0.06440548780487805,
    "CER": 0.03246708985727761,
    "Cosine Dist.": 0.001039488252941534
  },
  "occ_eval_res": {
    "precision": 94.982,
    "recall": 97.8855,
    "f-score": 96.4119
  },
  "clean_eval": {
    "f-score": 83.61253996941471,
    "precision": 83.80088711362951,
    "recall": 83.42503756791122,
    "tp": 72171,
    "fp": 13951,
    "fn": 14339
  },
  "jaccard": [
    0.14123646960865946
  ],
  "braycurtis": [
    0.028388854610210703
  ],
  "dice": [
    0.07598409765384401
  ],
  "cosinus": [
    0.0007688933549214738
  ]
}