{
  "voc_eval_res": {
    "precision": 0,
    "recall": 0,
    "f-score": 0
  },
  "KL_res": {
    "KL divergence": 7.186006161816454,
    "Euclidean Dist.": 0.21177499382294873,
    "WER": 3.0224719101123596,
    "CER": 3.953924914675768,
    "Cosine Dist.": 1.0
  },
  "occ_eval_res": {
    "precision": 0,
    "recall": 0,
    "f-score": 0
  },
  "clean_eval": {
    "f-score": 0.0,
    "precision": 0.0,
    "recall": 0.0,
    "tp": 0,
    "fp": 74,
    "fn": 265
  },
  "jaccard": [
    0.8033356497567755
  ],
  "braycurtis": [
    0.8198663426488457
  ],
  "dice": [
    0.6713124274099884
  ],
  "cosinus": [
    0.5098751969821105
  ]
}