{
  "voc_eval_res": {
    "precision": 60.0,
    "recall": 39.5604,
    "f-score": 47.6821
  },
  "KL_res": {
    "KL divergence": 1.9772627405054104,
    "Euclidean Dist.": 0.12805367495886616,
    "WER": 0.5793650793650794,
    "CER": 0.3801220575414124,
    "Cosine Dist.": 0.13690753875414152
  },
  "occ_eval_res": {
    "precision": 62.6263,
    "recall": 49.2063,
    "f-score": 55.1111
  },
  "clean_eval": {
    "f-score": 53.271028037383175,
    "precision": 48.717948717948715,
    "recall": 58.76288659793815,
    "tp": 57,
    "fp": 60,
    "fn": 40
  },
  "jaccard": [
    0.46788990825688076
  ],
  "braycurtis": [
    0.2222222222222222
  ],
  "dice": [
    0.30538922155688625
  ],
  "cosinus": [
    0.04717774267886421
  ]
}