{
  "voc_eval_res": {
    "precision": 83.3333,
    "recall": 24.3902,
    "f-score": 37.7358
  },
  "KL_res": {
    "KL divergence": 3.088062175480396,
    "Euclidean Dist.": 0.21812591330931377,
    "WER": 0.7854785478547854,
    "CER": 0.737985212569316,
    "Cosine Dist.": 0.21350693451054803
  },
  "occ_eval_res": {
    "precision": 86.3636,
    "recall": 25.0825,
    "f-score": 38.8747
  },
  "clean_eval": {
    "f-score": 37.36263736263736,
    "precision": 24.113475177304963,
    "recall": 82.92682926829268,
    "tp": 68,
    "fp": 214,
    "fn": 14
  },
  "jaccard": [
    0.6212349397590361
  ],
  "braycurtis": [
    0.5445301542776999
  ],
  "dice": [
    0.4505734571272529
  ],
  "cosinus": [
    0.14935247478281677
  ]
}