{
  "voc_eval_res": {
    "precision": 33.0097,
    "recall": 29.3103,
    "f-score": 31.0502
  },
  "KL_res": {
    "KL divergence": 1.8956715800051656,
    "Euclidean Dist.": 0.4020873008800749,
    "WER": 2.0675675675675675,
    "CER": 1.703143893591294,
    "Cosine Dist.": 0.05170457807507611
  },
  "occ_eval_res": {
    "precision": 23.0476,
    "recall": 54.5045,
    "f-score": 32.3963
  },
  "clean_eval": {
    "f-score": 12.342215988779804,
    "precision": 20.85308056872038,
    "recall": 8.764940239043826,
    "tp": 44,
    "fp": 167,
    "fn": 458
  },
  "jaccard": [
    0.6336088154269972
  ],
  "braycurtis": [
    0.5488029465930019
  ],
  "dice": [
    0.4637096774193548
  ],
  "cosinus": [
    0.15153453655957838
  ]
}