{
  "voc_eval_res": {
    "precision": 71.9048,
    "recall": 51.1864,
    "f-score": 59.802
  },
  "KL_res": {
    "KL divergence": 0.5521164989089722,
    "Euclidean Dist.": 0.04954190676800692,
    "WER": 0.34454756380510443,
    "CER": 0.27071682765632943,
    "Cosine Dist.": 0.007097459534196493
  },
  "occ_eval_res": {
    "precision": 86.1702,
    "recall": 75.174,
    "f-score": 80.2974
  },
  "clean_eval": {
    "f-score": 59.41845764854615,
    "precision": 56.085918854415276,
    "recall": 63.17204301075269,
    "tp": 470,
    "fp": 368,
    "fn": 274
  },
  "jaccard": [
    0.25925925925925924
  ],
  "braycurtis": [
    0.05566680016019223
  ],
  "dice": [
    0.14893617021276595
  ],
  "cosinus": [
    0.0009473070131086336
  ]
}