{
  "voc_eval_res": {
    "precision": 71.6667,
    "recall": 66.1538,
    "f-score": 68.8
  },
  "KL_res": {
    "KL divergence": 0.8907005614149255,
    "Euclidean Dist.": 0.0879517541874533,
    "WER": 0.4117647058823529,
    "CER": 0.35784313725490197,
    "Cosine Dist.": 0.06274439995903991
  },
  "occ_eval_res": {
    "precision": 74.7475,
    "recall": 72.549,
    "f-score": 73.6318
  },
  "clean_eval": {
    "f-score": 71.42857142857143,
    "precision": 70.70707070707071,
    "recall": 72.16494845360825,
    "tp": 70,
    "fp": 29,
    "fn": 27
  },
  "jaccard": [
    0.33533653846153844
  ],
  "braycurtis": [
    0.15799803729146222
  ],
  "dice": [
    0.20144404332129964
  ],
  "cosinus": [
    0.027993811195300533
  ]
}