{
  "voc_eval_res": {
    "precision": 37.4539,
    "recall": 82.1014,
    "f-score": 51.4409
  },
  "KL_res": {
    "KL divergence": 0.13048236244610606,
    "Euclidean Dist.": 0.0195143664378291,
    "WER": 1.3127810508596849,
    "CER": 1.1178350883610741,
    "Cosine Dist.": 0.012014243579275385
  },
  "occ_eval_res": {
    "precision": 43.7315,
    "recall": 93.3678,
    "f-score": 59.5643
  },
  "clean_eval": {
    "f-score": 46.73566247083287,
    "precision": 72.40912891643303,
    "recall": 34.50243742383051,
    "tp": 29443,
    "fp": 11219,
    "fn": 55893
  },
  "jaccard": [
    0.7304494111992309
  ],
  "braycurtis": [
    0.37531271290366536
  ],
  "dice": [
    0.5753606178775603
  ],
  "cosinus": [
    0.012031786982974801
  ]
}