{
  "voc_eval_res": {
    "precision": 78.3333,
    "recall": 71.2121,
    "f-score": 74.6032
  },
  "KL_res": {
    "KL divergence": 0.793966271526319,
    "Euclidean Dist.": 0.08002536357728142,
    "WER": 0.3364485981308411,
    "CER": 0.2911275415896488,
    "Cosine Dist.": 0.05144687382112556
  },
  "occ_eval_res": {
    "precision": 81.8182,
    "recall": 75.7009,
    "f-score": 78.6408
  },
  "clean_eval": {
    "f-score": 74.6268656716418,
    "precision": 72.11538461538461,
    "recall": 77.31958762886599,
    "tp": 75,
    "fp": 29,
    "fn": 22
  },
  "jaccard": [
    0.29498164014687883
  ],
  "braycurtis": [
    0.13666666666666666
  ],
  "dice": [
    0.1730078966259871
  ],
  "cosinus": [
    0.025330602883262943
  ]
}