{
  "voc_eval_res": {
    "precision": 69.8492,
    "recall": 15.9404,
    "f-score": 25.957
  },
  "KL_res": {
    "KL divergence": 2.2223058415947214,
    "Euclidean Dist.": 0.1485204863574891,
    "WER": 0.766390833863781,
    "CER": 0.623062015503876,
    "Cosine Dist.": 0.15523161464597857
  },
  "occ_eval_res": {
    "precision": 67.6812,
    "recall": 29.7263,
    "f-score": 41.3092
  },
  "clean_eval": {
    "f-score": 22.79446828803052,
    "precision": 16.890459363957596,
    "recall": 35.043988269794724,
    "tp": 239,
    "fp": 1176,
    "fn": 443
  },
  "jaccard": [
    0.5526315789473685
  ],
  "braycurtis": [
    0.3025561062538286
  ],
  "dice": [
    0.38181818181818183
  ],
  "cosinus": [
    0.011161776059340656
  ]
}