{
  "voc_eval_res": {
    "precision": 10.5263,
    "recall": 4.5455,
    "f-score": 6.3492
  },
  "KL_res": {
    "KL divergence": 8.37236200983975,
    "Euclidean Dist.": 0.4932053817567339,
    "WER": 0.9811320754716981,
    "CER": 0.8326488706365504,
    "Cosine Dist.": 0.9576395031980215
  },
  "occ_eval_res": {
    "precision": 8.0,
    "recall": 1.8868,
    "f-score": 3.0534
  },
  "clean_eval": {
    "f-score": 3.149606299212598,
    "precision": 1.9230769230769231,
    "recall": 8.695652173913043,
    "tp": 2,
    "fp": 102,
    "fn": 21
  },
  "jaccard": [
    0.8176382660687593
  ],
  "braycurtis": [
    0.8172131147540984
  ],
  "dice": [
    0.6915297092288243
  ],
  "cosinus": [
    0.7175266247657375
  ]
}