{
  "voc_eval_res": {
    "precision": 41.4634,
    "recall": 12.3188,
    "f-score": 18.9944
  },
  "KL_res": {
    "KL divergence": 2.38369847229868,
    "Euclidean Dist.": 0.2501277480611606,
    "WER": 0.7386759581881533,
    "CER": 0.5981804397270659,
    "Cosine Dist.": 0.11309900076822066
  },
  "occ_eval_res": {
    "precision": 69.5035,
    "recall": 34.1463,
    "f-score": 45.7944
  },
  "clean_eval": {
    "f-score": 21.37767220902613,
    "precision": 16.014234875444842,
    "recall": 32.142857142857146,
    "tp": 45,
    "fp": 236,
    "fn": 95
  },
  "jaccard": [
    0.6871559633027523
  ],
  "braycurtis": [
    0.3587730061349693
  ],
  "dice": [
    0.5234102026554857
  ],
  "cosinus": [
    0.04271567815836885
  ]
}