{
  "voc_eval_res": {
    "precision": 48.8742,
    "recall": 71.0205,
    "f-score": 57.902
  },
  "KL_res": {
    "KL divergence": 0.3209015488156104,
    "Euclidean Dist.": 0.05052016833393153,
    "WER": 0.4075824903091614,
    "CER": 0.18059333177224995,
    "Cosine Dist.": 0.10410611781312273
  },
  "occ_eval_res": {
    "precision": 69.3355,
    "recall": 83.5114,
    "f-score": 75.7661
  },
  "clean_eval": {
    "f-score": 66.41737814762779,
    "precision": 73.375041788051,
    "recall": 60.664929321645744,
    "tp": 15364,
    "fp": 5575,
    "fn": 9962
  },
  "jaccard": [
    0.6580583452893353
  ],
  "braycurtis": [
    0.16604619207017488
  ],
  "dice": [
    0.4903777619387028
  ],
  "cosinus": [
    0.033387890104373597
  ]
}