{
  "voc_eval_res": {
    "precision": 40.0,
    "recall": 1.2658,
    "f-score": 2.454
  },
  "KL_res": {
    "KL divergence": 5.623260427964064,
    "Euclidean Dist.": 0.5927122475685733,
    "WER": 0.9751693002257337,
    "CER": 0.9561227416117006,
    "Cosine Dist.": 0.4409995036601331
  },
  "occ_eval_res": {
    "precision": 63.1579,
    "recall": 2.7088,
    "f-score": 5.1948
  },
  "clean_eval": {
    "f-score": 3.508771929824561,
    "precision": 1.82648401826484,
    "recall": 44.44444444444444,
    "tp": 8,
    "fp": 430,
    "fn": 10
  },
  "jaccard": [
    0.929608938547486
  ],
  "braycurtis": [
    0.9255839217816404
  ],
  "dice": [
    0.8684759916492694
  ],
  "cosinus": [
    0.2872038657402789
  ]
}