{
  "voc_eval_res": {
    "precision": 66.1017,
    "recall": 61.4865,
    "f-score": 63.7106
  },
  "KL_res": {
    "KL divergence": 0.371612472825071,
    "Euclidean Dist.": 0.042938178664245194,
    "WER": 0.37037037037037035,
    "CER": 0.31533477321814257,
    "Cosine Dist.": 0.02149582261353722
  },
  "occ_eval_res": {
    "precision": 82.7853,
    "recall": 79.2593,
    "f-score": 80.9839
  },
  "clean_eval": {
    "f-score": 59.378068739770875,
    "precision": 58.02943058221369,
    "recall": 60.79088471849866,
    "tp": 907,
    "fp": 656,
    "fn": 585
  },
  "jaccard": [
    0.33870390261367705
  ],
  "braycurtis": [
    0.10342127926094105
  ],
  "dice": [
    0.2038793103448276
  ],
  "cosinus": [
    0.013447387305941638
  ]
}