{
  "voc_eval_res": {
    "precision": 68.5607,
    "recall": 85.0965,
    "f-score": 75.9389
  },
  "KL_res": {
    "KL divergence": 0.056093114544418614,
    "Euclidean Dist.": 0.014712598959918211,
    "WER": 0.15811490755909197,
    "CER": 0.05547460339327914,
    "Cosine Dist.": 0.008912362510447358
  },
  "occ_eval_res": {
    "precision": 88.2453,
    "recall": 93.2147,
    "f-score": 90.6619
  },
  "clean_eval": {
    "f-score": 76.60249102206006,
    "precision": 78.2478001062645,
    "recall": 75.02494853274713,
    "tp": 107507,
    "fp": 29886,
    "fn": 35788
  },
  "jaccard": [
    0.4063761097659403
  ],
  "braycurtis": [
    0.07133935562727985
  ],
  "dice": [
    0.2550012661433274
  ],
  "cosinus": [
    0.002361272558070282
  ]
}