{
  "voc_eval_res": {
    "precision": 69.1549,
    "recall": 87.8754,
    "f-score": 77.3992
  },
  "KL_res": {
    "KL divergence": 0.07732620930236565,
    "Euclidean Dist.": 0.013771210179842496,
    "WER": 0.14738251710478933,
    "CER": 0.042010207291212194,
    "Cosine Dist.": 0.007196611736289937
  },
  "occ_eval_res": {
    "precision": 87.3256,
    "recall": 93.1255,
    "f-score": 90.1323
  },
  "clean_eval": {
    "f-score": 78.91914884090578,
    "precision": 80.67096124580935,
    "recall": 77.24180242558366,
    "tp": 70504,
    "fp": 16893,
    "fn": 20773
  },
  "jaccard": [
    0.3569879144716455
  ],
  "braycurtis": [
    0.07730470497336424
  ],
  "dice": [
    0.2172764994341758
  ],
  "cosinus": [
    0.0029403342184965986
  ]
}