{
  "voc_eval_res": {
    "precision": 63.8889,
    "recall": 26.0377,
    "f-score": 36.9973
  },
  "KL_res": {
    "KL divergence": 4.083400943241575,
    "Euclidean Dist.": 0.24054511042672963,
    "WER": 0.7962264150943397,
    "CER": 0.6511071214841412,
    "Cosine Dist.": 0.4807754043642354
  },
  "occ_eval_res": {
    "precision": 63.2979,
    "recall": 22.4528,
    "f-score": 33.1476
  },
  "clean_eval": {
    "f-score": 36.80781758957655,
    "precision": 26.15740740740741,
    "recall": 62.08791208791209,
    "tp": 113,
    "fp": 319,
    "fn": 69
  },
  "jaccard": [
    0.40425531914893614
  ],
  "braycurtis": [
    0.40939872768315205
  ],
  "dice": [
    0.25333333333333335
  ],
  "cosinus": [
    0.05733246052467833
  ]
}