{
  "voc_eval_res": {
    "precision": 25.2427,
    "recall": 26.0,
    "f-score": 25.6158
  },
  "KL_res": {
    "KL divergence": 2.534560489290886,
    "Euclidean Dist.": 0.42370594151055757,
    "WER": 2.052863436123348,
    "CER": 1.4605532786885247,
    "Cosine Dist.": 0.0896033156443038
  },
  "occ_eval_res": {
    "precision": 20.0,
    "recall": 46.2555,
    "f-score": 27.9255
  },
  "clean_eval": {
    "f-score": 8.333333333333334,
    "precision": 13.761467889908257,
    "recall": 5.9760956175298805,
    "tp": 30,
    "fp": 188,
    "fn": 472
  },
  "jaccard": [
    0.6587908269631688
  ],
  "braycurtis": [
    0.5852084423512995
  ],
  "dice": [
    0.49119170984455957
  ],
  "cosinus": [
    0.37098901348082103
  ]
}