{
  "voc_eval_res": {
    "precision": 78.4346,
    "recall": 89.8855,
    "f-score": 83.7706
  },
  "KL_res": {
    "KL divergence": 0.1843425509779653,
    "Euclidean Dist.": 0.026042577206705688,
    "WER": 0.29803063457330414,
    "CER": 0.2741497158856955,
    "Cosine Dist.": 0.03572351295857212
  },
  "occ_eval_res": {
    "precision": 76.5973,
    "recall": 93.3917,
    "f-score": 84.1649
  },
  "clean_eval": {
    "f-score": 73.74757281553397,
    "precision": 81.81818181818183,
    "recall": 67.12619300106044,
    "tp": 1899,
    "fp": 422,
    "fn": 930
  },
  "jaccard": [
    0.2713915298184961
  ],
  "braycurtis": [
    0.1517970401691332
  ],
  "dice": [
    0.157
  ],
  "cosinus": [
    0.03933938030697737
  ]
}