{
  "voc_eval_res": {
    "precision": 69.1179,
    "recall": 92.3717,
    "f-score": 79.0706
  },
  "KL_res": {
    "KL divergence": 0.02686584973633308,
    "Euclidean Dist.": 0.00846202990017824,
    "WER": 0.08928068495465555,
    "CER": 0.03546494876587445,
    "Cosine Dist.": 0.001771191060238153
  },
  "occ_eval_res": {
    "precision": 92.4275,
    "recall": 95.0168,
    "f-score": 93.7043
  },
  "clean_eval": {
    "f-score": 86.85741952904588,
    "precision": 87.65151372784847,
    "recall": 86.07758461595246,
    "tp": 46642,
    "fp": 6571,
    "fn": 7544
  },
  "jaccard": [
    0.5011777301927195
  ],
  "braycurtis": [
    0.06635668111908853
  ],
  "dice": [
    0.33438102721622975
  ],
  "cosinus": [
    0.005438440908114961
  ]
}