{
  "voc_eval_res": {
    "precision": 38.4615,
    "recall": 37.037,
    "f-score": 37.7358
  },
  "KL_res": {
    "KL divergence": 3.4409761004491366,
    "Euclidean Dist.": 0.23733343736993143,
    "WER": 0.8055555555555556,
    "CER": 0.6623376623376623,
    "Cosine Dist.": 0.3976613980631658
  },
  "occ_eval_res": {
    "precision": 40.7407,
    "recall": 30.5556,
    "f-score": 34.9206
  },
  "clean_eval": {
    "f-score": 36.065573770491795,
    "precision": 31.428571428571427,
    "recall": 42.30769230769231,
    "tp": 11,
    "fp": 24,
    "fn": 15
  },
  "jaccard": [
    0.6653846153846154
  ],
  "braycurtis": [
    0.527306967984934
  ],
  "dice": [
    0.49855907780979825
  ],
  "cosinus": [
    0.3370395537525124
  ]
}