{
  "voc_eval_res": {
    "precision": 52.5714,
    "recall": 14.0888,
    "f-score": 22.2222
  },
  "KL_res": {
    "KL divergence": 3.3571390167639286,
    "Euclidean Dist.": 0.179541047435763,
    "WER": 0.8575949367088608,
    "CER": 0.6875100725221596,
    "Cosine Dist.": 0.7275478657754839
  },
  "occ_eval_res": {
    "precision": 49.5208,
    "recall": 16.3502,
    "f-score": 24.5837
  },
  "clean_eval": {
    "f-score": 15.220949263502453,
    "precision": 10.108695652173912,
    "recall": 30.79470198675497,
    "tp": 93,
    "fp": 827,
    "fn": 209
  },
  "jaccard": [
    0.4807692307692308
  ],
  "braycurtis": [
    0.42399103139013455
  ],
  "dice": [
    0.31645569620253167
  ],
  "cosinus": [
    0.020800900177075032
  ]
}