{
  "voc_eval_res": {
    "precision": 64.2857,
    "recall": 10.1124,
    "f-score": 17.4757
  },
  "KL_res": {
    "KL divergence": 6.5799675245258795,
    "Euclidean Dist.": 0.7086993459541043,
    "WER": 0.9159663865546218,
    "CER": 0.8597938144329897,
    "Cosine Dist.": 0.6622048443951912
  },
  "occ_eval_res": {
    "precision": 77.7778,
    "recall": 8.8235,
    "f-score": 15.8491
  },
  "clean_eval": {
    "f-score": 9.885931558935363,
    "precision": 5.485232067510549,
    "recall": 50.0,
    "tp": 13,
    "fp": 224,
    "fn": 13
  },
  "jaccard": [
    0.8043956043956044
  ],
  "braycurtis": [
    0.7788719785138765
  ],
  "dice": [
    0.6727941176470589
  ],
  "cosinus": [
    0.49751989675192543
  ]
}