{
  "voc_eval_res": {
    "precision": 70.5128,
    "recall": 12.3874,
    "f-score": 21.0728
  },
  "KL_res": {
    "KL divergence": 5.296190264119208,
    "Euclidean Dist.": 0.37439649537958963,
    "WER": 0.9203703703703704,
    "CER": 0.8923171860536872,
    "Cosine Dist.": 0.7212360811925773
  },
  "occ_eval_res": {
    "precision": 80.9249,
    "recall": 8.642,
    "f-score": 15.6163
  },
  "clean_eval": {
    "f-score": 11.669555170421722,
    "precision": 6.461932181701855,
    "recall": 60.11904761904761,
    "tp": 101,
    "fp": 1462,
    "fn": 67
  },
  "jaccard": [
    0.7090383821708626
  ],
  "braycurtis": [
    0.8006215469613259
  ],
  "dice": [
    0.5492327365728901
  ],
  "cosinus": [
    0.5151876511722364
  ]
}