{
  "voc_eval_res": {
    "precision": 59.9045,
    "recall": 71.8511,
    "f-score": 65.3362
  },
  "KL_res": {
    "KL divergence": 0.4731706319256884,
    "Euclidean Dist.": 0.033939698986304445,
    "WER": 0.43457330415754925,
    "CER": 0.30519640945400645,
    "Cosine Dist.": 0.06572816443667062
  },
  "occ_eval_res": {
    "precision": 68.1599,
    "recall": 80.5689,
    "f-score": 73.8468
  },
  "clean_eval": {
    "f-score": 60.51675413807024,
    "precision": 64.58423093494183,
    "recall": 56.93125712115458,
    "tp": 1499,
    "fp": 822,
    "fn": 1134
  },
  "jaccard": [
    0.5167259786476869
  ],
  "braycurtis": [
    0.24876157656687486
  ],
  "dice": [
    0.34836852207293667
  ],
  "cosinus": [
    0.04894773608268521
  ]
}