{
  "voc_eval_res": {
    "precision": 18.75,
    "recall": 3.0,
    "f-score": 5.1724
  },
  "KL_res": {
    "KL divergence": 4.675843060619015,
    "Euclidean Dist.": 1.0646100527242175,
    "WER": 0.986784140969163,
    "CER": 0.7218237704918032,
    "Cosine Dist.": 0.10295874588660225
  },
  "occ_eval_res": {
    "precision": 17.2932,
    "recall": 20.2643,
    "f-score": 18.6613
  },
  "clean_eval": {
    "f-score": 1.6528925619834707,
    "precision": 1.834862385321101,
    "recall": 1.5037593984962405,
    "tp": 4,
    "fp": 214,
    "fn": 262
  },
  "jaccard": [
    0.8583732057416268
  ],
  "braycurtis": [
    0.7912900575184881
  ],
  "dice": [
    0.7518860016764459
  ],
  "cosinus": [
    0.4958238194670963
  ]
}