{
  "voc_eval_res": {
    "precision": 62.6424,
    "recall": 66.9086,
    "f-score": 64.7053
  },
  "KL_res": {
    "KL divergence": 0.23153494719778814,
    "Euclidean Dist.": 0.033311343604311865,
    "WER": 0.19377078713968957,
    "CER": 0.06399310464622833,
    "Cosine Dist.": 0.049261641275087475
  },
  "occ_eval_res": {
    "precision": 82.7543,
    "recall": 84.8577,
    "f-score": 83.7928
  },
  "clean_eval": {
    "f-score": 76.1638147227957,
    "precision": 75.8180255916026,
    "recall": 76.51277243965315,
    "tp": 65296,
    "fp": 20826,
    "fn": 20044
  },
  "jaccard": [
    0.6248667268104651
  ],
  "braycurtis": [
    0.11015239326195853
  ],
  "dice": [
    0.45440448500029823
  ],
  "cosinus": [
    0.014870191006852052
  ]
}