{
  "voc_eval_res": {
    "precision": 25.989,
    "recall": 53.191,
    "f-score": 34.9174
  },
  "KL_res": {
    "KL divergence": 0.31455421724875915,
    "Euclidean Dist.": 0.03257574310349153,
    "WER": 0.536949592189027,
    "CER": 0.1725525853956304,
    "Cosine Dist.": 0.03641880616719251
  },
  "occ_eval_res": {
    "precision": 55.3989,
    "recall": 56.973,
    "f-score": 56.1749
  },
  "clean_eval": {
    "f-score": 46.38011629232698,
    "precision": 47.327860613168035,
    "recall": 45.46958411202418,
    "tp": 50850,
    "fp": 56592,
    "fn": 60983
  },
  "jaccard": [
    0.7860928405810818
  ],
  "braycurtis": [
    0.46438500030888985
  ],
  "dice": [
    0.6475724560001559
  ],
  "cosinus": [
    0.059854272462184
  ]
}