{
  "voc_eval_res": {
    "precision": 65.5172,
    "recall": 7.5697,
    "f-score": 13.5714
  },
  "KL_res": {
    "KL divergence": 4.539154701678407,
    "Euclidean Dist.": 0.5124819886246401,
    "WER": 0.957169459962756,
    "CER": 0.9373427852732678,
    "Cosine Dist.": 0.7708359051534903
  },
  "occ_eval_res": {
    "precision": 77.0492,
    "recall": 4.3762,
    "f-score": 8.2819
  },
  "clean_eval": {
    "f-score": 3.7803780378037803,
    "precision": 1.9961977186311788,
    "recall": 35.59322033898305,
    "tp": 21,
    "fp": 1031,
    "fn": 38
  },
  "jaccard": [
    0.7952380952380952
  ],
  "braycurtis": [
    0.8878625134264232
  ],
  "dice": [
    0.6600790513833992
  ],
  "cosinus": [
    0.5923152979454449
  ]
}