{
  "voc_eval_res": {
    "precision": 18.3239,
    "recall": 55.1282,
    "f-score": 27.5053
  },
  "KL_res": {
    "KL divergence": 1.6581838055186584,
    "Euclidean Dist.": 0.10346961270091748,
    "WER": 2.886138613861386,
    "CER": 2.336693548387097,
    "Cosine Dist.": 0.4049816582050889
  },
  "occ_eval_res": {
    "precision": 18.345,
    "recall": 58.1683,
    "f-score": 27.8932
  },
  "clean_eval": {
    "f-score": 12.993039443155451,
    "precision": 31.28491620111732,
    "recall": 8.199121522693996,
    "tp": 112,
    "fp": 246,
    "fn": 1254
  },
  "jaccard": [
    0.8573298429319371
  ],
  "braycurtis": [
    0.7404692082111437
  ],
  "dice": [
    0.7502863688430699
  ],
  "cosinus": [
    0.5031073466386189
  ]
}