{
  "voc_eval_res": {
    "precision": 63.6531,
    "recall": 48.7288,
    "f-score": 55.2
  },
  "KL_res": {
    "KL divergence": 1.429530769073451,
    "Euclidean Dist.": 0.3645325256640056,
    "WER": 0.5640864932623002,
    "CER": 0.4770249971112737,
    "Cosine Dist.": 0.5361598480847627
  },
  "occ_eval_res": {
    "precision": 78.7033,
    "recall": 54.7791,
    "f-score": 64.5972
  },
  "clean_eval": {
    "f-score": 38.96551724137932,
    "precision": 32.81703775411423,
    "recall": 47.94908062234795,
    "tp": 1017,
    "fp": 2082,
    "fn": 1104
  },
  "jaccard": [
    0.37583705357142855
  ],
  "braycurtis": [
    0.2244413162062291
  ],
  "dice": [
    0.23140353891084006
  ],
  "cosinus": [
    0.10482291426348733
  ]
}