{
  "voc_eval_res": {
    "precision": 45.962,
    "recall": 63.9659,
    "f-score": 53.4896
  },
  "KL_res": {
    "KL divergence": 0.34408764511142187,
    "Euclidean Dist.": 0.028707227690535877,
    "WER": 0.3442808057856965,
    "CER": 0.10616262527616202,
    "Cosine Dist.": 0.03348058817226918
  },
  "occ_eval_res": {
    "precision": 71.6861,
    "recall": 73.0264,
    "f-score": 72.35
  },
  "clean_eval": {
    "f-score": 65.29456582171612,
    "precision": 67.13220090189907,
    "recall": 63.55485478730867,
    "tp": 95127,
    "fp": 46574,
    "fn": 54550
  },
  "jaccard": [
    0.6392223336908015
  ],
  "braycurtis": [
    0.2752949200886698
  ],
  "dice": [
    0.46974781370754526
  ],
  "cosinus": [
    0.06019705035837697
  ]
}