{
  "voc_eval_res": {
    "precision": 83.3333,
    "recall": 49.2958,
    "f-score": 61.9469
  },
  "KL_res": {
    "KL divergence": 0.9689060239650583,
    "Euclidean Dist.": 0.08254208724889275,
    "WER": 0.44366197183098594,
    "CER": 0.38390611902766136,
    "Cosine Dist.": 0.045661922377879804
  },
  "occ_eval_res": {
    "precision": 91.0995,
    "recall": 61.2676,
    "f-score": 73.2632
  },
  "clean_eval": {
    "f-score": 68.69565217391305,
    "precision": 57.87545787545788,
    "recall": 84.49197860962568,
    "tp": 158,
    "fp": 115,
    "fn": 29
  },
  "jaccard": [
    0.41735537190082644
  ],
  "braycurtis": [
    0.21787296898079764
  ],
  "dice": [
    0.26370757180156656
  ],
  "cosinus": [
    0.020668691020017338
  ]
}